categoria;marca;modelo;versao;motor;propulsao;transmissao;ar_cond;direcao;combustivel;nmog_nox_mg_km;co_mg_km;nox_g_km;red_limite;co2_fossil_g_km;co2e_fossil_g_km;co2e_vehp_g_km;etanol_cid_kml;etanol_est_kml;gas_diesel_cid_kml;gas_diesel_est_kml;eletr_ve_gas_cid_kmle;eletr_ve_gas_est_kmle;eletr_vehp_flex_cid_kmle;eletr_vehp_flex_est_kmle;consumo_mj_km;autonomia_km;class_rel_cat;class_abs_geral;selo_conpet
Sub Compacto;BYD;DOLPHIN MINI;GS EV;Elétrico;Elétrico;NA;S;E;E;NA;NA;NA;A;NA;0;NA;NA;NA;NA;NA;58.6;41.9;NA;NA;0.41;280;A;A;NÃO
Sub Compacto;BYD;DOLPHIN MINI;GS 5 EV;Elétrico;Elétrico;NA;S;E;E;NA;NA;NA;A;NA;0;NA;NA;NA;NA;NA;58.6;41.9;NA;NA;0.41;280;A;A;NÃO
Sub Compacto;BYD;DOLPHIN MINI;GL 5 EV;Elétrico;Elétrico;A-1;S;E;E;NA;NA;NA;A;NA;NA;NA;NA;NA;NA;NA;60.6;44.4;NA;NA;0.39;224;A;A;NÃO
Sub Compacto;FIAT;500E;ICON;ELÉTRICO;Elétrico;A-1;S;E;E;NA;NA;NA;A;NA;NA;NA;NA;NA;NA;NA;47.3;40.4;NA;NA;0.46;227;C;A;NÃO
Sub Compacto;FIAT;MOBI;TREKKING;1.0-6V;Combustão;M-5;S;E;F;38;280;3;B;0;91;NA;9.8;10.6;14.0;15.1;NA;NA;NA;NA;1.46;NA;E;B;NÃO
Sub Compacto;FIAT;MOBI;LIKE;1.0-6V;Combustão;M-5;S;E;F;37;348;4;B;0;87;NA;10.1;11.1;14.5;15.8;NA;NA;NA;NA;1.40;NA;E;B;NÃO
Sub Compacto;JAC;e-JS1;e-JS1;Elétrico;Elétrico;A-1;S;E;E;NA;NA;NA;A;NA;NA;NA;NA;NA;NA;NA;46.6;35.0;NA;NA;0.50;181;E;A;NÃO
Sub Compacto;JAC;e-JS1;e-JS1 EXT;Elétrico;Elétrico;A-1;S;E;E;NA;NA;NA;A;NA;NA;NA;NA;NA;NA;NA;46.6;35.0;NA;NA;0.50;181;E;A;NÃO
Sub Compacto;RENAULT;E-KWID;INTENS;Elétrico;Elétrico;A;S;E;E;NA;NA;NA;A;NA;NA;NA;NA;NA;NA;NA;52.7;39.6;NA;NA;0.44;185;B;A;NÃO
Compacto;FIAT;ARGO;1.0;1.0-6V;Combustão;M-5;S;E;F;32;390;3;B;0;94;NA;9.4;10.4;13.6;14.5;NA;NA;NA;NA;1.52;NA;C;B;NÃO
Compacto;FIAT;ARGO;DRIVE 1.0;1.0-6V;Combustão;M-5;S;E;F;32;390;3;B;0;94;NA;9.4;10.4;13.6;14.5;NA;NA;NA;NA;1.52;NA;C;B;NÃO
Compacto;FIAT;ARGO;DRIVE 1.3 AT;1.3-8V;Combustão;CVT-7;S;E;F;37;297;4;B;0;99;NA;9.0;10.3;12.8;14.3;NA;NA;NA;NA;1.58;NA;C;C;NÃO
Compacto;Hyundai;HB20;Sense;1.0-12V;Combustão;M-5;S;E;F;31;204;3;A;0;93;NA;9.9;10.7;13.3;15.4;NA;NA;NA;NA;1.48;NA;B;B;NÃO
Compacto;Hyundai;HB20;Comfort;1.0-12V;Combustão;M-5;S;E;F;31;204;3;A;0;93;NA;9.9;10.7;13.3;15.4;NA;NA;NA;NA;1.48;NA;B;B;NÃO
Compacto;Hyundai;HB20;Limited;1.0-12V;Combustão;M-5;S;E;F;31;204;3;A;0;93;NA;9.9;10.7;13.3;15.4;NA;NA;NA;NA;1.48;NA;B;B;NÃO
Compacto;Hyundai;HB20;Limited;1.0-12V T;Combustão;A-6;S;E;F;32;94;4;B;0;95;NA;9.2;10.2;13.2;14.7;NA;NA;NA;NA;1.54;NA;C;C;NÃO
Compacto;Hyundai;HB20;Platinum;1.0-12V T;Combustão;A-6;S;E;F;32;94;4;B;0;95;NA;9.2;10.2;13.2;14.7;NA;NA;NA;NA;1.54;NA;C;C;NÃO
Compacto;MINI;Cooper;E;Elétrico;Elétrico;A;S;E;E;0;0;0;A;NA;0;0;NA;NA;NA;NA;48.0;39.7;NA;NA;0.46;239;A;A;NÃO
Compacto;MINI;Cooper;SE;Elétrico;Elétrico;A;S;E;E;0;0;0;A;NA;0;0;NA;NA;NA;NA;46.1;38.4;NA;NA;0.48;312;A;A;NÃO
Compacto;MINI;JCW;3P;2.0 - 16V;Combustão;A-7;S;E;G;5;84;0;A;NA;112;NA;NA;NA;10.8;13.9;NA;NA;NA;NA;1.81;NA;E;C;NÃO
Compacto;MINI;Cooper;S CABRIO;2.0 - 16V;Combustão;A-7;S;E;G;6;77;0;A;NA;107;NA;NA;NA;11.2;14.6;NA;NA;NA;NA;1.73;NA;D;C;NÃO
Compacto;MINI;JCW;CABRIO;2.0 - 16V;Combustão;A-7;S;E;G;7;102;0;A;NA;121;NA;NA;NA;10.1;12.8;NA;NA;NA;NA;1.95;NA;E;C;NÃO
Compacto;MINI;JCW-E;3P;Elétrico;Elétrico;A;S;E;E;0;0;0;A;NA;0;0;NA;NA;NA;NA;43.8;40.2;NA;NA;0.48;306;A;A;NÃO
Compacto;MINI;Cooper;S 3P EXCLUSIVE;2.0 - 16V;Combustão;A-7;S;E;G;9;129;1;A;NA;106;NA;NA;NA;11.5;14.1;NA;NA;NA;NA;1.72;NA;D;C;NÃO
Compacto;MINI;Cooper;S 3P SPORT;2.0 - 16V;Combustão;A-7;S;E;G;9;129;1;A;NA;106;NA;NA;NA;11.5;14.1;NA;NA;NA;NA;1.72;NA;D;C;NÃO
Compacto;MINI;Cooper;S 3P TOP;2.0 - 16V;Combustão;A-7;S;E;G;9;129;1;A;NA;106;NA;NA;NA;11.5;14.1;NA;NA;NA;NA;1.72;NA;D;C;NÃO
Compacto;PEUGEOT;208;ACTIVE MT;1.0-6V;Combustão;M-5;S;E;F;40;413;3;B;0;92;NA;9.5;10.8;13.6;15.3;NA;NA;NA;NA;1.49;NA;B;B;NÃO
Compacto;PEUGEOT;208;ACTIV T200;1.0T-12V;Combustão;CVT-7;S;E;F;37;407;6;B;0;94;NA;8.8;10.1;12.6;14.3;NA;NA;NA;NA;1.60;NA;C;C;NÃO
Compacto;PEUGEOT;208;STYLE MT;1.0-6V;Combustão;M-5;S;E;F;40;413;3;B;0;92;NA;9.5;10.8;13.6;15.3;NA;NA;NA;NA;1.49;NA;B;B;NÃO
Compacto;PEUGEOT;208;ALLUR T200;1.0T-12V;Combustão;CVT-7;S;E;F;31;339;3;B;0;104;NA;8.3;9.7;12.0;13.7;NA;NA;NA;NA;1.69;NA;D;C;NÃO
Compacto;PEUGEOT;208;GT T200;1.0T-12V;Combustão;CVT-7;S;E;F;31;339;3;B;0;104;NA;8.3;9.7;12.0;13.7;NA;NA;NA;NA;1.69;NA;D;C;NÃO
Compacto;PEUGEOT;208;GT HYBRID;1.0T-12V;Híbrido;CVT-7;S;E;F;48;372;5;B;0;99;NA;9.1;9.6;13.0;13.8;NA;NA;NA;NA;1.60;NA;C;C;NÃO
Compacto;PEUGEOT;E-208;GT;ELÉTRICO;Elétrico;A-1;S;E;E;NA;NA;NA;A;NA;NA;NA;NA;NA;NA;NA;37.8;30.8;NA;NA;0.59;220;A;A;NÃO
Médio;AUDI;A3 Spotback;Peformance;2.0 - 16V;Combustão;DCT-7;S;E;G;12;113;0;A;NA;122;NA;NA;NA;10.2;12.4;NA;NA;NA;NA;1.96;NA;E;C;NÃO
Médio;AUDI;A3 Spotback;Performance Black;2.0 - 16V;Combustão;DCT-7;S;E;G;12;113;0;A;NA;122;NA;NA;NA;10.2;12.4;NA;NA;NA;NA;1.96;NA;E;C;NÃO
Médio;BMW;M135;xDrive;2.0 - 16V;Combustão;A-7;S;E;G;11;66;1;A;NA;124;NA;NA;NA;9.7;12.7;NA;NA;NA;NA;2.02;NA;E;C;NÃO
Médio;BYD;DOLPHIN;GS 180EV;Elétrico;Elétrico;NA;S;E;E;0;0;0;A;NA;0;NA;NA;NA;NA;NA;51.9;43.5;NA;NA;0.42;291;A;A;NÃO
Médio;BYD;DOLPHIN;PLUS 310EV;Elétrico;Elétrico;NA;S;E;E;0;0;0;A;NA;0;NA;NA;NA;NA;NA;42.1;36.8;NA;NA;0.51;330;A;A;NÃO
Médio;BYD;DOLPHIN;SE 290EV;Elétrico;Elétrico;NA;S;E;E;NA;NA;NA;A;NA;NA;NA;NA;NA;NA;NA;45.8;36.7;NA;NA;0.49;272;A;A;NÃO
Médio;BYD;YUAN PRO;GS 290EV;Elétrico;Elétrico;NA;S;E;E;0;0;0;A;NA;0;NA;NA;NA;NA;NA;44.0;35.7;NA;NA;0.51;250;A;A;NÃO
Médio;CHEVROLET;ONIX;LTZ;1.0T - 12V;Combustão;A-6;S;E;F;44;162;5;B;0;99;NA;8.6;10.9;12.1;15.3;NA;NA;NA;NA;1.59;NA;C;C;NÃO
Médio;CHEVROLET;ONIX;PREMIER;1.0T - 12V;Combustão;A-6;S;E;F;44;162;5;B;0;99;NA;8.6;10.9;12.1;15.3;NA;NA;NA;NA;1.59;NA;C;C;NÃO
Médio;CHEVROLET;ONIX;RS;1.0T - 12V;Combustão;A-6;S;E;F;48;199;5;B;0;104;NA;8.2;10.1;11.8;14.5;NA;NA;NA;NA;1.68;NA;C;C;NÃO
Médio;CHEVROLET;ONIX;MT;1.0T - 12V;Combustão;M-6;S;E;F;41;211;5;B;0;87;NA;9.8;12.4;13.7;17.7;NA;NA;NA;NA;1.38;NA;A;B;SIM
Médio;CHEVROLET;ONIX;LT;1.0T - 12V;Combustão;A-6;S;E;F;44;162;5;B;0;99;NA;8.6;10.9;12.1;15.3;NA;NA;NA;NA;1.59;NA;C;C;NÃO
Médio;CHEVROLET;ONIX;MT;1.0 - 12 V;Combustão;M-6;S;E;F;37;183;6;B;0;90;NA;9.5;11.3;13.5;16.3;NA;NA;NA;NA;1.45;NA;B;B;NÃO
Médio;CHEVROLET;ONIX;AT;1.0T - 12V;Combustão;A-6;S;E;F;44;162;5;B;0;99;NA;8.6;10.9;12.1;15.3;NA;NA;NA;NA;1.59;NA;C;C;NÃO
Médio;CHEVROLET;ONIX;10TAT HB ALC;1.0T - 12V;Combustão;A-6;S;E;E100;46;152;4;B;NA;NA;NA;9.1;11.0;NA;NA;NA;NA;NA;NA;1.55;NA;C;C;NÃO
Médio;CHEVROLET;ONIX;10TAT LT1 ALC;1.0T - 12V;Combustão;A-6;S;E;E100;46;152;4;B;NA;NA;NA;9.1;11.0;NA;NA;NA;NA;NA;NA;1.55;NA;C;C;NÃO
Médio;CHEVROLET;ONIX;10TAT LTZ ALC;1.0T - 12V;Combustão;A-6;S;E;E100;46;152;4;B;NA;NA;NA;9.1;11.0;NA;NA;NA;NA;NA;NA;1.55;NA;C;C;NÃO
Médio;CHEVROLET;ONIX;10TAT PR2 ALC;1.0T - 12V;Combustão;A-6;S;E;E100;46;152;4;B;NA;NA;NA;9.1;11.0;NA;NA;NA;NA;NA;NA;1.55;NA;C;C;NÃO
Médio;CHEVROLET;ONIX PLUS;LTZ;1.0T - 12V;Combustão;A-6;S;E;F;46;203;6;B;0;97;NA;8.5;11.2;12.2;16.0;NA;NA;NA;NA;1.57;NA;C;C;NÃO
Médio;CHEVROLET;ONIX PLUS;PREMIER;1.0T - 12V;Combustão;A-6;S;E;F;46;203;6;B;0;97;NA;8.5;11.2;12.2;16.0;NA;NA;NA;NA;1.57;NA;C;C;NÃO
Médio;CHEVROLET;ONIX PLUS;MT;1.0T - 12V;Combustão;M-6;S;E;F;38;189;5;B;0;90;NA;9.2;12.3;13.3;16.8;NA;NA;NA;NA;1.44;NA;B;B;NÃO
Médio;CHEVROLET;ONIX PLUS;LT;1.0T - 12V;Combustão;A-6;S;E;F;46;203;6;B;0;97;NA;8.5;11.2;12.2;16.0;NA;NA;NA;NA;1.57;NA;C;C;NÃO
Médio;CHEVROLET;ONIX PLUS;MT;1.0 - 12 V;Combustão;M-6;S;E;F;36;234;5;B;0;87;NA;9.8;12.1;13.9;17.1;NA;NA;NA;NA;1.39;NA;A;B;SIM
Médio;CHEVROLET;ONIX PLUS;AT;1.0T - 12V;Combustão;A-6;S;E;F;46;203;6;B;0;97;NA;8.5;11.2;12.2;16.0;NA;NA;NA;NA;1.57;NA;C;C;NÃO
Médio;CHEVROLET;ONIX PLUS;10TAT NB ALC;1.0T - 12V;Combustão;A-6;S;E;E100;47;115;5;B;NA;NA;NA;9.1;11.1;NA;NA;NA;NA;NA;NA;1.54;NA;C;C;NÃO
Médio;CHEVROLET;ONIX PLUS;10TAT LT1 ALC;1.0T - 12V;Combustão;A-6;S;E;E100;47;115;5;B;NA;NA;NA;9.1;11.1;NA;NA;NA;NA;NA;NA;1.54;NA;C;C;NÃO
Médio;CHEVROLET;ONIX PLUS;10TAT LTZ ALC;1.0T - 12V;Combustão;A-6;S;E;E100;47;115;5;B;NA;NA;NA;9.1;11.1;NA;NA;NA;NA;NA;NA;1.54;NA;C;C;NÃO
Médio;CHEVROLET;ONIX PLUS;10TAT PR2 ALC;1.0T - 12V;Combustão;A-6;S;E;E100;47;115;5;B;NA;NA;NA;9.1;11.1;NA;NA;NA;NA;NA;NA;1.54;NA;C;C;NÃO
Médio;CHEVROLET;SPARK EUV;ACTIV;Elétrico;Elétrico;A;S;E;E;NA;NA;NA;A;NA;NA;NA;NA;NA;NA;NA;47.4;34.9;NA;NA;0.50;258;A;A;NÃO
Médio;CHEVROLET;SPIN;1.8L AT;1.8L - 8V;Combustão;A-6;S;E;F;46;800;5;C;0;119;NA;7.1;9.1;10.1;13.1;NA;NA;NA;NA;1.92;NA;E;C;NÃO
Médio;CHEVROLET;SPIN;1.8L MT LT;1.8L - 8V;Combustão;M-6;S;E;F;62;611;6;C;0;115;NA;7.8;8.8;11.0;12.6;NA;NA;NA;NA;1.85;NA;D;C;NÃO
Médio;CHEVROLET;SPIN;1.8L AT LTZ5;1.8L - 8V;Combustão;A-6;S;E;F;46;800;5;C;0;119;NA;7.1;9.1;10.1;13.1;NA;NA;NA;NA;1.92;NA;E;C;NÃO
Médio;FIAT;CRONOS;1.0;1.0-6V;Combustão;M-5;S;E;F;36;445;3;B;0;92;NA;9.7;11.2;13.4;15.9;NA;NA;NA;NA;1.46;NA;B;B;NÃO
Médio;FIAT;CRONOS;DRIVE 1.0;1.0-6V;Combustão;M-5;S;E;F;36;445;3;B;0;92;NA;9.7;11.2;13.4;15.9;NA;NA;NA;NA;1.46;NA;B;B;NÃO
Médio;FIAT;CRONOS;DRIVE1.3AT;1.3-8V;Combustão;CVT-7;S;E;F;42;216;4;B;0;99;NA;8.9;10.7;12.6;14.6;NA;NA;NA;NA;1.57;NA;C;C;NÃO
Médio;FIAT;CRONOS;PREC 1.3AT;1.3-8V;Combustão;CVT-7;S;E;F;42;216;4;B;0;99;NA;8.9;10.7;12.6;14.6;NA;NA;NA;NA;1.57;NA;C;C;NÃO
Médio;FIAT;CRONOS;DRIVE 1.3;1.3-8V;Combustão;M-5;S;E;F;32;394;3;B;0;92;NA;9.2;11.0;13.3;15.7;NA;NA;NA;NA;1.49;NA;B;B;NÃO
Médio;GEELY;EX2;MAX;Elétrico;Elétrico;A;S;E;E;NA;NA;NA;A;NA;NA;NA;NA;NA;NA;NA;60.1;45.2;NA;NA;0.39;289;A;A;NÃO
Médio;GEELY;EX2;PRO;Elétrico;Elétrico;A;S;E;E;NA;NA;NA;A;NA;NA;NA;NA;NA;NA;NA;60.1;45.2;NA;NA;0.39;289;A;A;NÃO
Médio;GWM;ORA 03;BEV58 C;Elétrico;Elétrico;A-1;S;E;E;NA;NA;NA;A;NA;NA;NA;NA;NA;NA;NA;42.8;36.1;NA;NA;0.51;315;A;A;NÃO
Médio;GWM;ORA 03;GT BEV63;Elétrico;Elétrico;A-1;S;E;E;NA;NA;NA;A;NA;NA;NA;NA;NA;NA;NA;41.1;33.7;NA;NA;0.54;295;A;A;NÃO
Médio;GWM;ORA 03;SKIN BEV48;Elétrico;Elétrico;A-1;S;E;E;NA;NA;NA;A;NA;NA;NA;NA;NA;NA;NA;41.7;35.7;NA;NA;0.52;232;A;A;NÃO
Médio;GWM;ORA 03;BEV58;Elétrico;Elétrico;A-1;S;E;E;NA;NA;NA;A;NA;NA;NA;NA;NA;NA;NA;42.8;36.1;NA;NA;0.51;315;A;A;NÃO
Médio;HONDA;CITY HATCH;EXL;1.5-16V;Combustão;CVT;S;E;F;23;150;2;A;0;95;NA;9.2;10.5;13.2;15.0;NA;NA;NA;NA;1.53;NA;C;C;NÃO
Médio;HONDA;CITY HATCH;TOURING;1.5-16V;Combustão;CVT;S;E;F;23;150;2;A;0;95;NA;9.2;10.5;13.2;15.0;NA;NA;NA;NA;1.53;NA;C;C;NÃO
Médio;HONDA;CITY HATCH;TOURING SPORT;1.5-16V;Combustão;CVT;S;E;F;23;150;2;A;0;95;NA;9.2;10.5;13.2;15.0;NA;NA;NA;NA;1.53;NA;C;C;NÃO
Médio;HONDA;HR-V;EX;1.5-16V;Combustão;CVT;S;E;F;21;183;1;A;0;101;NA;8.8;9.9;12.5;13.9;NA;NA;NA;NA;1.63;NA;C;C;NÃO
Médio;HONDA;HR-V;EXL;1.5-16V;Combustão;CVT;S;E;F;21;183;1;A;0;101;NA;8.8;9.9;12.5;13.9;NA;NA;NA;NA;1.63;NA;C;C;NÃO
Médio;HONDA;HR-V;ADVANCE;1.5T-16V;Combustão;CVT;S;E;F;31;177;4;A;0;111;NA;8.0;9.2;11.3;13.0;NA;NA;NA;NA;1.78;NA;D;C;NÃO
Médio;HONDA;HR-V;TOURING;1.5T-16V;Combustão;CVT;S;E;F;31;177;4;A;0;111;NA;8.0;9.2;11.3;13.0;NA;NA;NA;NA;1.78;NA;D;C;NÃO
Médio;HONDA;HR-V (mod. 26);ADVANCE;1.5T-16V;Combustão;CVT;S;E;F;31;164;4;B;0;111;NA;8.1;9.1;11.5;12.9;NA;NA;NA;NA;1.78;NA;D;C;NÃO
Médio;HONDA;HR-V (mod. 26);TOURING;1.5T-16V;Combustão;CVT;S;E;F;31;164;4;B;0;111;NA;8.1;9.1;11.5;12.9;NA;NA;NA;NA;1.78;NA;D;C;NÃO
Médio;HYUNDAI;HB20S;Comfort;1.0-12V;Combustão;M-5;S;E;F;32;256;3;B;0;92;NA;9.7;10.9;13.4;15.4;NA;NA;NA;NA;1.47;NA;B;B;NÃO
Médio;HYUNDAI;HB20S;Limited;1.0-12V;Combustão;M-5;S;E;F;32;256;3;B;0;92;NA;9.7;10.9;13.4;15.4;NA;NA;NA;NA;1.47;NA;B;B;NÃO
Médio;HYUNDAI;HB20S;Limited;1.0-12V T;Combustão;A-6;S;E;F;33;103;4;B;0;95;NA;9.2;10.7;13.0;15.2;NA;NA;NA;NA;1.53;NA;C;C;NÃO
Médio;HYUNDAI;HB20S;Platinum;1.0-12V T;Combustão;A-6;S;E;F;33;103;4;B;0;95;NA;9.2;10.7;13.0;15.2;NA;NA;NA;NA;1.53;NA;C;C;NÃO
Médio;HYUNDAI;KONA;Ultimate;1.6-16V HEV;Híbrido;DCT-6;S;E;G;34;106;1;A;NA;74;NA;NA;NA;18.4;16.0;NA;NA;NA;NA;1.21;NA;A;B;SIM
Médio;HYUNDAI;KONA;Signature;1.6-16V HEV;Híbrido;DCT-6;S;E;G;34;106;1;A;NA;74;NA;NA;NA;18.4;16.0;NA;NA;NA;NA;1.21;NA;A;B;SIM
Médio;HYUNDAI;I20;Comfort;1.0-12V;Combustão;M-5;S;E;F;32;108;3;B;0;91;NA;9.7;10.5;13.9;15.0;NA;NA;NA;NA;1.48;NA;B;B;NÃO
Médio;HYUNDAI;I20;Limited;1.0-12V;Combustão;M-5;S;E;F;32;108;3;B;0;91;NA;9.7;10.5;13.9;15.0;NA;NA;NA;NA;1.48;NA;B;B;NÃO
Médio;HYUNDAI;I20;Sense;1.0-12V;Combustão;M-5;S;E;F;32;108;3;B;0;91;NA;9.7;10.5;13.9;15.0;NA;NA;NA;NA;1.48;NA;B;B;NÃO
Médio;HYUNDAI;I20;Comfort;1.0-12V;Combustão;M-5;S;E;F;33;111;3;B;0;93;NA;9.6;10.2;13.7;14.8;NA;NA;NA;NA;1.50;NA;B;B;NÃO
Médio;HYUNDAI;I20;Limited;1.0-12V;Combustão;M-5;S;E;F;33;111;3;B;0;93;NA;9.6;10.2;13.7;14.8;NA;NA;NA;NA;1.50;NA;B;B;NÃO
Médio;HYUNDAI;I20;Sense;1.0-12V;Combustão;M-5;S;E;F;33;111;3;B;0;93;NA;9.6;10.2;13.7;14.8;NA;NA;NA;NA;1.50;NA;B;B;NÃO
Médio;HYUNDAI;I20;Action;1.0-12V T;Combustão;A-6;S;E;F;34;64;0;A;0;100;NA;8.8;10.1;12.6;14.3;NA;NA;NA;NA;1.61;NA;C;C;NÃO
Médio;HYUNDAI;I20;Comfort;1.0-12V T;Combustão;A-6;S;E;F;34;64;0;A;0;100;NA;8.8;10.1;12.6;14.3;NA;NA;NA;NA;1.61;NA;C;C;NÃO
Médio;HYUNDAI;I20;Limited;1.0-12V T;Combustão;A-6;S;E;F;34;64;0;A;0;100;NA;8.8;10.1;12.6;14.3;NA;NA;NA;NA;1.61;NA;C;C;NÃO
Médio;HYUNDAI;I20;Limited Plus;1.0-12V T;Combustão;A-6;S;E;F;34;64;0;A;0;100;NA;8.8;10.1;12.6;14.3;NA;NA;NA;NA;1.61;NA;C;C;NÃO
Médio;HYUNDAI;I20;Platinum;1.0-12V T;Combustão;A-6;S;E;F;34;64;0;A;0;100;NA;8.8;10.1;12.6;14.3;NA;NA;NA;NA;1.61;NA;C;C;NÃO
Médio;HYUNDAI;I20;Xline;1.0-12V T;Combustão;A-6;S;E;F;34;64;0;A;0;100;NA;8.8;10.1;12.6;14.3;NA;NA;NA;NA;1.61;NA;C;C;NÃO
Médio;HYUNDAI;I20;Platinum Plus;1.0-12V T;Combustão;A-6;S;E;F;34;64;0;A;0;100;NA;8.8;10.1;12.6;14.3;NA;NA;NA;NA;1.61;NA;C;C;NÃO
Médio;HYUNDAI;I20;Ultimate;1.0-12V T;Combustão;A-6;S;E;F;34;64;0;A;0;100;NA;8.8;10.1;12.6;14.3;NA;NA;NA;NA;1.61;NA;C;C;NÃO
Médio;JAC;e-JS4;e-JS4;Elétrico;Elétrico;A-1;S;E;E;NA;NA;NA;A;NA;NA;NA;NA;NA;NA;NA;47.5;39.1;NA;NA;0.47;307;A;A;NÃO
Médio;KIA;NIRO;HEV 1.6 EX;1.6 - 16V;Híbrido;DCT-6;S;E;G;12;79;1;A;NA;75;NA;NA;NA;18.3;15.9;NA;NA;NA;NA;1.21;NA;A;B;SIM
Médio;KIA;NIRO;HEV 1.6 LX;1.6 - 16V;Híbrido;DCT-6;S;E;G;12;79;1;A;NA;75;NA;NA;NA;18.3;15.9;NA;NA;NA;NA;1.21;NA;A;B;SIM
Médio;KIA;NIRO;HEV 1.6 SX;1.6 - 16V;Híbrido;DCT-6;S;E;G;12;79;1;A;NA;75;NA;NA;NA;18.3;15.9;NA;NA;NA;NA;1.21;NA;A;B;SIM
Médio;KIA;NIRO;HEV 1.6 SX RIOPEN;1.6 - 16V;Híbrido;DCT-6;S;E;G;12;79;1;A;NA;75;NA;NA;NA;18.3;15.9;NA;NA;NA;NA;1.21;NA;A;B;SIM
Médio;MG;MG4;64 KWH COM;Elétrico;Elétrico;A-1;S;E;E;NA;NA;NA;A;NA;NA;NA;NA;NA;NA;NA;43.3;37.4;NA;NA;0.50;364;A;A;NÃO
Médio;MG;MG4;64 KWH LUX;Elétrico;Elétrico;A-1;S;E;E;NA;NA;NA;A;NA;NA;NA;NA;NA;NA;NA;43.3;37.4;NA;NA;0.50;364;A;A;NÃO
Médio;MG;MG4;64 KWH AWD;Elétrico;Elétrico;A-1;S;E;E;NA;NA;NA;A;NA;NA;NA;NA;NA;NA;NA;36.3;32.7;NA;NA;0.59;279;A;A;NÃO
Médio;MINI;Cooper;S 5P EXCLUSIVE;2.0 - 16V;Combustão;A-7;S;E;G;8;69;0;A;NA;105;NA;NA;NA;11.5;14.5;NA;NA;NA;NA;1.71;NA;D;C;NÃO
Médio;MINI;Cooper;S 5P TOP;2.0 - 16V;Combustão;A-7;S;E;G;8;69;0;A;NA;105;NA;NA;NA;11.5;14.5;NA;NA;NA;NA;1.71;NA;D;C;NÃO
Médio;MINI;Aceman;E;Elétrico;Elétrico;A;S;E;E;0;0;0;A;NA;0;0;NA;NA;NA;NA;47.6;40.2;NA;NA;0.46;253;A;A;NÃO
Médio;MINI;Aceman;SE;Elétrico;Elétrico;A;S;E;E;0;0;0;A;NA;0;0;NA;NA;NA;NA;40.8;36.7;NA;NA;0.52;270;A;A;NÃO
Médio;MINI;JCW-E;ACEMAN;Elétrico;Elétrico;A;S;E;E;0;0;0;A;NA;0;0;NA;NA;NA;NA;41.2;39.8;NA;NA;0.50;312;A;A;NÃO
Médio;NISSAN;Versa;SENSE CVT;1.6-16V;Combustão;CVT;S;E;F;28;110;2;A;0;104;NA;7.9;10.5;11.5;15.0;NA;NA;NA;NA;1.69;NA;D;C;NÃO
Médio;NISSAN;Versa;ADVNC CVT;1.6-16V;Combustão;CVT;S;E;F;28;110;2;A;0;104;NA;7.9;10.5;11.5;15.0;NA;NA;NA;NA;1.69;NA;D;C;NÃO
Médio;NISSAN;Versa;EXCL CVT;1.6-16V;Combustão;CVT;S;E;F;28;110;2;A;0;104;NA;7.9;10.5;11.5;15.0;NA;NA;NA;NA;1.69;NA;D;C;NÃO
Médio;NISSAN;Versa;SR CVT;1.6-16V;Combustão;CVT;S;E;F;28;110;2;A;0;104;NA;7.9;10.5;11.5;15.0;NA;NA;NA;NA;1.69;NA;D;C;NÃO
Médio;PEUGEOT;E2008;GT;ELÉTRICO;Elétrico;A-1;S;E;E;NA;NA;NA;A;NA;NA;NA;NA;NA;NA;NA;38.2;35.3;NA;NA;0.55;261;A;A;NÃO
Médio;RENAULT;MÉGANE;E-TECH;Elétrico;Elétrico;A;S;E;E;NA;NA;NA;A;NA;NA;NA;NA;NA;NA;NA;41.4;38.8;NA;NA;0.51;337;A;A;NÃO
Médio;SUZUKI;e-Vitara;4STY 2WD;Elétrico;Elétrico;A-1;S;E;E;NA;NA;NA;A;NA;NA;NA;NA;NA;NA;NA;41.5;34.3;NA;NA;0.54;317;A;A;NÃO
Médio;SUZUKI;e-Vitara;4STY 4WD;Elétrico;Elétrico;A-1;S;E;E;NA;NA;NA;A;NA;NA;NA;NA;NA;NA;NA;37.8;31.6;NA;NA;0.58;293;A;A;NÃO
Médio;TOYOTA;GR YARIS;8AT;1.6-12V;Combustão;A-8;S;E;G;18;142;1;A;NA;161;NA;NA;NA;7.8;9.7;NA;NA;NA;NA;2.60;NA;E;D;NÃO
Médio;TOYOTA;GR YARIS;6MT;1.6-12V;Combustão;M-6;S;E;G;16;194;0;A;NA;147;NA;NA;NA;8.6;10.1;NA;NA;NA;NA;2.39;NA;E;D;NÃO
Médio;VOLVO;EX30;E40 CORE;Elétrico;Elétrico;A-1;S;E;E;NA;0;0;A;NA;0;NA;NA;NA;NA;NA;40.1;33.9;NA;NA;0.55;250;A;A;NÃO
Médio;VOLVO;EX30;E40 PLUS;Elétrico;Elétrico;A-1;S;E;E;NA;0;0;A;NA;0;NA;NA;NA;NA;NA;40.1;33.9;NA;NA;0.55;250;A;A;NÃO
Médio;VOLVO;EX30;E60 ULTRA;Elétrico;Elétrico;A-1;S;E;E;NA;0;0;A;NA;0;NA;NA;NA;NA;NA;43.2;35.3;NA;NA;0.52;338;A;A;NÃO
Médio;VOLVO;EX30;E60 PLUS;Elétrico;Elétrico;A-1;S;E;E;NA;0;0;A;NA;0;NA;NA;NA;NA;NA;43.2;35.3;NA;NA;0.52;338;A;A;NÃO
Médio;VOLVO;EX30;E60 CORE;Elétrico;Elétrico;A-1;S;E;E;NA;0;0;A;NA;0;NA;NA;NA;NA;NA;43.2;35.3;NA;NA;0.52;338;A;A;NÃO
Médio;VOLVO;EX30;TWIN ULTRA;Elétrico;Elétrico;A-1;S;E;E;NA;0;0;A;NA;0;NA;NA;NA;NA;NA;33.4;32.0;NA;NA;0.62;316;A;A;NÃO
Médio;VW;GOLF;GOLF GTI;2.0-16V;Combustão;DTC - 7;S;E;G;33;141;0;A;NA;127;NA;NA;NA;9.8;12.8;NA;NA;NA;NA;2.00;NA;E;C;NÃO
Médio;VW;VIRTUS;COMFORTLINE 200TSI AUT;1.0-12V;Combustão;A - 6;S;E;F;19;97;1;A;0;101;NA;8.3;10.2;12.1;14.7;NA;NA;NA;NA;1.64;NA;C;C;NÃO
Médio;VW;VIRTUS;HIGHLINE 200TSI AUT;1.0-12V;Combustão;A - 6;S;E;F;19;97;1;A;0;101;NA;8.3;10.2;12.1;14.7;NA;NA;NA;NA;1.64;NA;C;C;NÃO
Médio;VW;VIRTUS;TSI AUTOMÁTICO;1.0-12V;Combustão;A - 6;S;E;F;18;118;2;A;0;100;NA;8.5;10.4;12.2;14.9;NA;NA;NA;NA;1.62;NA;C;C;NÃO
Médio;VW;VIRTUS;TSI MECÂNICO;1.0-12V;Combustão;M - 5;S;E;F;16;248;1;A;0;93;NA;9.2;11.2;13.2;15.8;NA;NA;NA;NA;1.49;NA;B;B;NÃO
Médio;VW;VIRTUS;SENSE TSI MECÂNICO;1.0-12V;Combustão;M - 5;S;E;F;16;248;1;A;0;93;NA;9.2;11.2;13.2;15.8;NA;NA;NA;NA;1.49;NA;B;B;NÃO
Médio;VW;VIRTUS;EXCLUSIVE 250TSI AUT;1.4 -16V;Combustão;A - 6;S;E;F;17;96;1;A;0;105;NA;8.1;9.9;11.7;14.0;NA;NA;NA;NA;1.70;NA;D;C;NÃO
Médio;VW;POLO;COMFORTLINE TSI AUT;1.0-12V;Combustão;A - 6;S;E;F;17;117;2;A;0;93;NA;9.0;11.1;13.1;16.1;NA;NA;NA;NA;1.50;NA;B;B;NÃO
Médio;VW;POLO;SENSE TSI AUTOMÁTICO;1.0-12V;Combustão;A - 6;S;E;F;17;117;2;A;0;93;NA;9.0;11.1;13.1;16.1;NA;NA;NA;NA;1.50;NA;B;B;NÃO
Médio;VW;POLO;HIGHLINE TSI AUTOMÁTICO;1.0-12V;Combustão;A - 6;S;E;F;17;93;1;A;0;97;NA;8.8;10.7;12.5;15.2;NA;NA;NA;NA;1.57;NA;C;C;NÃO
Médio;VW;POLO;MPI;1.0-12V;Combustão;M - 5;S;E;F;33;119;2;B;0;92;NA;9.3;10.9;13.5;15.7;NA;NA;NA;NA;1.48;NA;B;B;NÃO
Médio;VW;POLO;TRACK 1.0 MPI;1.0-12V;Combustão;M - 5;S;E;F;33;119;2;B;0;92;NA;NA;NA;NA;NA;NA;NA;NA;NA;1.48;NA;B;B;NÃO
Médio;VW;POLO;TRACK ROBUST 1.0 MPI;1.0-12V;Combustão;M - 5;S;E;F;33;119;2;B;0;92;NA;NA;NA;NA;NA;NA;NA;NA;NA;1.48;NA;B;B;NÃO
Médio;VW;TERA;MPI;1.0-12V;Combustão;M - 5;S;E;F;39;115;3;B;0;93;NA;9.3;10.4;13.4;15.0;NA;NA;NA;NA;1.52;NA;B;B;NÃO
Grande;AUDI;A3 Sedan;Advanced;2.0 - 16V;Combustão;DCT-7;S;E;G;11;154;0;A;NA;121;NA;NA;NA;10.1;12.9;NA;NA;NA;NA;1.95;NA;D;C;NÃO
Grande;AUDI;A3 Sedan;Performance;2.0 - 16V;Combustão;DCT-7;S;E;G;11;154;0;A;NA;121;NA;NA;NA;10.1;12.9;NA;NA;NA;NA;1.95;NA;D;C;NÃO
Grande;AUDI;A3 Sedan;Performance Black;2.0 - 16V;Combustão;DCT-7;S;E;G;11;154;0;A;NA;121;NA;NA;NA;10.1;12.9;NA;NA;NA;NA;1.95;NA;D;C;NÃO
Grande;AUDI;RS3 Sedan;NA;2.5 - 20V;Combustão;DCT-7;S;E;G;33;242;0;A;NA;167;NA;NA;NA;7.3;9.9;NA;NA;NA;NA;2.70;NA;E;E;NÃO
Grande;AUDI;RS3 Sedan;Track;2.5 - 20V;Combustão;DCT-7;S;E;G;33;242;0;A;NA;167;NA;NA;NA;7.3;9.9;NA;NA;NA;NA;2.70;NA;E;E;NÃO
Grande;AUDI;Q3 SUV;Launch edition (ed.0);2.0 - 16V;Combustão;DCT-7;S;E;G;22;74;0;A;NA;157;NA;NA;NA;8.0;9.8;NA;NA;NA;NA;2.54;NA;E;D;NÃO
Grande;AUDI;Q3 SUV;Launch edition (ed.0);2.0 - 16V;Combustão;DCT-7;S;E;G;22;74;0;A;NA;157;NA;NA;NA;8.0;9.8;NA;NA;NA;NA;2.54;NA;E;D;NÃO
Grande;AUDI;Q3 Sportback;Launch edition (ed.0);2.0 - 16V;Combustão;DCT-7;S;E;G;22;75;0;A;NA;156;NA;NA;NA;8.0;9.9;NA;NA;NA;NA;2.53;NA;E;D;NÃO
Grande;AUDI;Q3 Sportback;Launch edition (ed.0);2.0 - 16V;Combustão;DCT-7;S;E;G;22;75;0;A;NA;156;NA;NA;NA;8.0;9.9;NA;NA;NA;NA;2.53;NA;E;D;NÃO
Grande;AUDI;Q3 SUV;Launch edition;2.0 - 16V;Combustão;DCT-7;S;E;G;18;67;0;A;NA;156;NA;NA;NA;8.2;9.6;NA;NA;NA;NA;2.52;NA;E;D;NÃO
Grande;AUDI;Q3 SUV;Launch edition;2.0 - 16V;Combustão;DCT-7;S;E;G;18;67;0;A;NA;156;NA;NA;NA;8.2;9.6;NA;NA;NA;NA;2.52;NA;E;D;NÃO
Grande;AUDI;Q3 Sportback;Launch edition;2.0 - 16V;Combustão;DCT-7;S;E;G;25;58;0;A;NA;156;NA;NA;NA;8.2;9.5;NA;NA;NA;NA;2.52;NA;E;D;NÃO
Grande;AUDI;Q3 Sportback;Launch edition;2.0 - 16V;Combustão;DCT-7;S;E;G;25;58;0;A;NA;156;NA;NA;NA;8.2;9.5;NA;NA;NA;NA;2.52;NA;E;D;NÃO
Grande;BMW;iX1;xDrive30;Elétrico;Elétrico;A;S;E;E;0;0;0;A;NA;0;0;NA;NA;NA;NA;35.7;32.0;NA;NA;0.60;324;A;A;NÃO
Grande;BMW;iX1;eDrive20;Elétrico;Elétrico;A;S;E;E;0;0;0;A;NA;0;NA;NA;NA;NA;NA;37.4;36.1;NA;NA;0.55;345;A;A;NÃO
Grande;BMW;iX2;xDrive30 MSP;Elétrico;Elétrico;A;S;E;E;0;0;0;A;NA;0;NA;NA;NA;NA;NA;35.7;32.8;NA;NA;0.59;327;A;A;NÃO
Grande;BMW;220;NA;2.0 - 16V;Combustão;A-7;S;E;G;7;106;1;A;NA;105;NA;NA;NA;11.4;14.9;NA;NA;NA;NA;1.70;NA;C;C;NÃO
Grande;BMW;220;MSP;2.0 - 16V;Combustão;A-7;S;E;G;7;106;1;A;NA;105;NA;NA;NA;11.4;14.9;NA;NA;NA;NA;1.70;NA;C;C;NÃO
Grande;BMW;M235;xDrive;2.0 - 16V;Combustão;A-7;S;E;G;12;120;1;A;NA;133;NA;NA;NA;8.9;12.3;NA;NA;NA;NA;2.16;NA;E;D;NÃO
Grande;BMW;X2;M35i;2.0 - 16V;Combustão;A-7;S;E;G;11;176;0;A;NA;136;NA;NA;NA;8.9;11.6;NA;NA;NA;NA;2.21;NA;E;D;NÃO
Grande;BYD;ATTO 2;GS DM FLEX;1.5-16V;Plug-in;A-1;S;E;F;19;20;2;A;0;88;10;11.8;10.7;15.5;13.9;43.4;34.9;32.2;24.8;0.51;75;A;A;SIM
Grande;BYD;ATTO 2;GL DM FLEX;1.5-16V;Plug-in;A-1;S;E;F;25;85;3;A;0;89;31;11.7;10.5;15.8;13.5;42.3;29.7;27.7;21.4;0.57;33;A;A;SIM
Grande;BYD;YUAN PLUS;GS 560EV;Elétrico;Elétrico;NA;S;E;E;NA;NA;NA;A;NA;NA;NA;NA;NA;NA;NA;38.3;32.0;NA;NA;0.58;378;A;A;NÃO
Grande;CAOA CHERY;TIGGO 7;PHEV;1.5T -16V;Plug-in;DHT;S;E;G;7;52;1;A;NA;110;18;NA;NA;12.3;11.9;36.4;28.8;NA;NA;0.62;60;A;A;SIM
Grande;GAC;AION Y;PREMIUM;Elétrico;Elétrico;A-1;S;E;E;NA;NA;NA;A;NA;NA;NA;NA;NA;NA;NA;36.5;35.0;NA;NA;0.57;318;A;A;NÃO
Grande;GAC;AION Y;ELITE;Elétrico;Elétrico;A-1;S;E;E;NA;NA;NA;A;NA;NA;NA;NA;NA;NA;NA;36.5;35.0;NA;NA;0.57;318;A;A;NÃO
Grande;GAC;AION UT;ELITE;Elétrico;Elétrico;A-1;S;E;E;NA;NA;NA;A;NA;NA;NA;NA;NA;NA;NA;38.3;32.3;NA;NA;0.57;310;A;A;NÃO
Grande;GAC;AION UT;PREMIUM;Elétrico;Elétrico;A-1;S;E;E;NA;NA;NA;A;NA;NA;NA;NA;NA;NA;NA;43.7;35.3;NA;NA;0.51;253;A;A;NÃO
Grande;GWM;ORA;NA;Elétrico;Elétrico;A-1;S;E;E;NA;NA;NA;A;NA;NA;NA;NA;NA;NA;NA;44.8;37.1;NA;NA;0.49;349;A;A;NÃO
Grande;HONDA;CIVIC HYBRID;TOURING;2.0 - 16V;Híbrido;CVT;S;E;G;24;128;0;A;NA;75;NA;NA;NA;18.4;15.9;NA;NA;NA;NA;1.21;NA;B;B;NÃO
Grande;HONDA;ZR-V;TOURING;2.0 - 16V;Combustão;CVT;S;E;G;12;265;0;A;NA;120;NA;NA;NA;10.4;12.3;NA;NA;NA;NA;1.95;NA;D;C;NÃO
Grande;JAECOO;7;PRESTIGE;1.5-16V;Plug-in;A-1;S;E;G;3;10;1;A;NA;10;0;NA;NA;15.1;13.5;37.0;30.7;NA;NA;0.60;79;A;A;SIM
Grande;JAECOO;7;LUXURY;1.5-16V;Plug-in;A-1;S;E;G;3;10;1;A;NA;10;0;NA;NA;15.1;13.5;37.0;30.7;NA;NA;0.60;79;A;A;SIM
Grande;LEXUS;UX 300H;UX 300H;2.0 - 16V;Híbrido;CVT;S;E;G;8;63;0;A;NA;80;NA;NA;NA;17.3;14.9;NA;NA;NA;NA;1.29;NA;B;B;NÃO
Grande;Mercedes-Benz;AMG A45S 4M;NA;2.0-16V;Combustão;DCT-8;S;E;G;25;179;1;A;NA;148;NA;NA;NA;8.3;10.7;NA;NA;NA;NA;2.40;NA;E;D;NÃO
Grande;Mercedes-Benz;GLA200;AMG LINE;1.3-16V;Híbrido;DCT-7;S;E;G;26;170;2;A;NA;113;NA;NA;NA;11.4;12.4;NA;NA;NA;NA;1.83;NA;C;C;NÃO
Grande;Mercedes-Benz;GLA200;PROGRESSIVE;1.3-16V;Híbrido;DCT-7;S;E;G;26;170;2;A;NA;113;NA;NA;NA;11.4;12.4;NA;NA;NA;NA;1.83;NA;C;C;NÃO
Grande;Mercedes-Benz;AMG GLA35 4M;NA;2.0-16V;Híbrido;DCT-8;S;E;G;10;117;2;A;NA;141;NA;NA;NA;8.8;10.8;NA;NA;NA;NA;2.29;NA;E;D;NÃO
Grande;MG;S5;EV 62KWH LUX;Elétrico;Elétrico;A-1;S;E;E;NA;NA;NA;A;NA;NA;NA;NA;NA;NA;NA;43.0;36.7;NA;NA;0.51;351;A;A;NÃO
Grande;MG;S5;EV 62KWH COM;Elétrico;Elétrico;A-1;S;E;E;NA;NA;NA;A;NA;NA;NA;NA;NA;NA;NA;43.0;36.7;NA;NA;0.51;351;A;A;NÃO
Grande;MG;MG4;URB EV54KWH COM;Elétrico;Elétrico;A-1;S;E;E;NA;NA;NA;A;NA;NA;NA;NA;NA;NA;NA;53.0;42.8;NA;NA;0.42;358;A;A;NÃO
Grande;MG;MG4;URB EV54KWH LUX;Elétrico;Elétrico;A-1;S;E;E;NA;NA;NA;A;NA;NA;NA;NA;NA;NA;NA;53.0;42.8;NA;NA;0.42;358;A;A;NÃO
Grande;MG;MG4;URB EV43KWH COM;Elétrico;Elétrico;A-1;S;E;E;NA;NA;NA;A;NA;NA;NA;NA;NA;NA;NA;56.8;44.0;NA;NA;0.40;299;A;A;NÃO
Grande;MG;MG4;URB EV43KWH LUX;Elétrico;Elétrico;A-1;S;E;E;NA;NA;NA;A;NA;NA;NA;NA;NA;NA;NA;56.8;44.0;NA;NA;0.40;299;A;A;NÃO
Grande;MINI;Countryman;SE EXCLUSIVE;Elétrico;Elétrico;A;S;E;E;0;0;0;A;NA;0;0;NA;NA;NA;NA;35.0;31.8;NA;NA;0.61;320;A;A;NÃO
Grande;MINI;Countryman;SE TOP;Elétrico;Elétrico;A;S;E;E;0;0;0;A;NA;0;0;NA;NA;NA;NA;35.0;31.8;NA;NA;0.61;320;A;A;NÃO
Grande;MINI;JCW;COUNTRYMAN;2.0 - 16V;Combustão;A-7;S;E;G;9;107;0;A;NA;130;NA;NA;NA;9.5;11.6;NA;NA;NA;NA;2.12;NA;E;D;NÃO
Grande;MINI;JCW;COUNTRYMAN EX;2.0 - 16V;Combustão;A-7;S;E;G;9;107;0;A;NA;130;NA;NA;NA;9.5;11.6;NA;NA;NA;NA;2.12;NA;E;D;NÃO
Grande;OMODA;5;HEV LUXURY;1.5-16V;Híbrido;A-1;S;E;G;25;152;1;A;NA;92;NA;NA;NA;15.1;13.2;NA;NA;NA;NA;1.50;NA;B;B;NÃO
Grande;OMODA;5;HEV PRESTIGE;1.5-16V;Híbrido;A-1;S;E;G;25;152;1;A;NA;92;NA;NA;NA;15.1;13.2;NA;NA;NA;NA;1.50;NA;B;B;NÃO
Grande;TOYOTA;COROLLA;ALTIS HV;1.8 16V;Híbrido;CVT;S;E;F;32;150;2;B;0;79;NA;12.5;10.7;17.5;15.2;NA;NA;NA;NA;1.26;NA;B;B;NÃO
Grande;TOYOTA;COROLLA;APREMIUMH;1.8 16V;Híbrido;CVT;S;E;F;32;150;2;B;0;79;NA;12.5;10.7;17.5;15.2;NA;NA;NA;NA;1.26;NA;B;B;NÃO
Grande;TOYOTA;COROLLA;GLI HEV;1.8 16V;Híbrido;CVT;S;E;F;32;150;2;B;0;79;NA;12.5;10.7;17.5;15.2;NA;NA;NA;NA;1.26;NA;B;B;NÃO
Grande;TOYOTA;COROLLA;COROLLA ALTIS 20;2.0-16V;Combustão;CVT;S;E;F;12;57;0;A;0;104;NA;8.3;10.1;11.6;14.6;NA;NA;NA;NA;1.68;NA;C;C;NÃO
Grande;TOYOTA;COROLLA;COROLLA GLI 20;2.0-16V;Combustão;CVT;S;E;F;12;57;0;A;0;104;NA;8.3;10.1;11.6;14.6;NA;NA;NA;NA;1.68;NA;C;C;NÃO
Grande;TOYOTA;COROLLA;COROLLA GRS;2.0-16V;Combustão;CVT;S;E;F;12;57;0;A;0;104;NA;8.3;10.1;11.6;14.6;NA;NA;NA;NA;1.68;NA;C;C;NÃO
Grande;TOYOTA;COROLLA;COROLLA XEI 20;2.0-16V;Combustão;CVT;S;E;F;12;57;0;A;0;104;NA;8.3;10.1;11.6;14.6;NA;NA;NA;NA;1.68;NA;C;C;NÃO
Grande;TOYOTA;COROLLA;COROLLA GLI;2.0-16V;Combustão;CVT;S;E;F;12;57;0;A;0;104;NA;8.3;10.1;11.6;14.6;NA;NA;NA;NA;1.68;NA;C;C;NÃO
Grande;TOYOTA;COROLLA HB;GR R;1.6-12V;Combustão;M-6;S;E;G;22;187;1;A;NA;143;NA;NA;NA;8.6;10.9;NA;NA;NA;NA;2.32;NA;E;D;NÃO
Grande;TOYOTA;COROLLA CROSS;XRV HYBRID;1.8-16V;Híbrido;CVT;S;E;F;32;190;3;B;0;85;NA;11.6;9.9;16.6;14.0;NA;NA;NA;NA;1.36;NA;B;B;NÃO
Grande;TOYOTA;COROLLA CROSS;XRX HYBRID;1.8-16V;Híbrido;CVT;S;E;F;32;190;3;B;0;85;NA;11.6;9.9;16.6;14.0;NA;NA;NA;NA;1.36;NA;B;B;NÃO
Grande;TOYOTA;COROLLA CROSS;XR 20;2.0-16V;Combustão;CVT;S;E;F;14;172;2;A;0;110;NA;7.9;9.2;11.5;13.1;NA;NA;NA;NA;1.78;NA;C;C;NÃO
Grande;TOYOTA;COROLLA CROSS;XRE 20;2.0-16V;Combustão;CVT;S;E;F;14;172;2;A;0;110;NA;7.9;9.2;11.5;13.1;NA;NA;NA;NA;1.78;NA;C;C;NÃO
Grande;TOYOTA;COROLLA CROSS;XRX 20;2.0-16V;Combustão;CVT;S;E;F;14;172;2;A;0;110;NA;7.9;9.2;11.5;13.1;NA;NA;NA;NA;1.78;NA;C;C;NÃO
Grande;TOYOTA;COROLLA CROSS;GRS;2.0-16V;Combustão;CVT;S;E;F;14;172;2;A;0;110;NA;7.9;9.2;11.5;13.1;NA;NA;NA;NA;1.78;NA;C;C;NÃO
Grande;VOLVO;EC40;6 CORE;Elétrico;Elétrico;A-1;S;E;E;NA;0;0;A;NA;0;NA;NA;NA;NA;NA;41.7;37.2;NA;NA;0.51;385;A;A;NÃO
Grande;VOLVO;EC40;6 PLUS;Elétrico;Elétrico;A-1;S;E;E;NA;0;0;A;NA;0;NA;NA;NA;NA;NA;41.7;37.2;NA;NA;0.51;385;A;A;NÃO
Grande;VOLVO;EC40;6 ULTRA;Elétrico;Elétrico;A-1;S;E;E;NA;0;0;A;NA;0;NA;NA;NA;NA;NA;41.7;37.2;NA;NA;0.51;385;A;A;NÃO
Grande;VOLVO;EC40;8 CORE;Elétrico;Elétrico;A-1;S;E;E;NA;0;0;A;NA;0;NA;NA;NA;NA;NA;36.6;32.6;NA;NA;0.59;404;A;A;NÃO
Grande;VOLVO;EC40;8 PLUS;Elétrico;Elétrico;A-1;S;E;E;NA;0;0;A;NA;0;NA;NA;NA;NA;NA;36.6;32.6;NA;NA;0.59;404;A;A;NÃO
Grande;VOLVO;EC40;8 ULTRA;Elétrico;Elétrico;A-1;S;E;E;NA;0;0;A;NA;0;NA;NA;NA;NA;NA;36.6;32.6;NA;NA;0.59;404;A;A;NÃO
Grande;VOLVO;EC40;PERF BLACK;Elétrico;Elétrico;A-1;S;E;E;NA;0;0;A;NA;0;NA;NA;NA;NA;NA;36.6;32.6;NA;NA;0.59;404;A;A;NÃO
Grande;VOLVO;EC40;PERF ULTRA;Elétrico;Elétrico;A-1;S;E;E;NA;0;0;A;NA;0;NA;NA;NA;NA;NA;36.6;32.6;NA;NA;0.59;404;A;A;NÃO
Extra Grande;AUDI;A5;Performance S Edition;2.0 - 16V;Combustão;DCT-7;S;E;G;23;86;0;A;NA;141;NA;NA;NA;8.7;11.3;NA;NA;NA;NA;2.28;NA;D;D;NÃO
Extra Grande;AUDI;A5 Avant;S line;2.0 - 16V;Combustão;DCT-7;S;E;G;11;72;0;A;NA;146;NA;NA;NA;8.4;11.0;NA;NA;NA;NA;2.36;NA;D;D;NÃO
Extra Grande;AUDI;A5 Sedan;S line (ed.0);2.0 - 16V;Combustão;DCT-7;S;E;G;9;63;0;A;NA;147;NA;NA;NA;8.3;10.9;NA;NA;NA;NA;2.39;NA;D;D;NÃO
Extra Grande;AUDI;A5 Sedan;S line;2.0 - 16V;Combustão;DCT-7;S;E;G;11;72;0;A;NA;146;NA;NA;NA;8.4;11.0;NA;NA;NA;NA;2.36;NA;D;D;NÃO
Extra Grande;AUDI;RS 6 Avant;Performance;4.0 - 32V;Híbrido;A-8;S;E;G;49;116;2;B;NA;209;NA;NA;NA;5.9;7.8;NA;NA;NA;NA;3.39;NA;E;E;NÃO
Extra Grande;AUDI;A6 Avant e-tron;S line;Elétrico;Elétrico;A-1;S;E;E;0;0;0;A;NA;0;NA;NA;NA;NA;NA;37.0;31.1;NA;NA;0.60;474;A;A;NÃO
Extra Grande;AUDI;A6 e-tron;Performance black;Elétrico;Elétrico;A-1;S;E;E;0;0;0;A;NA;0;NA;NA;NA;NA;NA;36.4;31.8;NA;NA;0.59;445;A;A;NÃO
Extra Grande;AUDI;Q5 SUV;Advanced;2.0 - 16V;Combustão;DCT-7;S;E;G;10;94;0;A;NA;150;NA;NA;NA;8.3;10.2;NA;NA;NA;NA;2.43;NA;D;D;NÃO
Extra Grande;AUDI;Q5 SUV;S line;2.0 - 16V;Combustão;DCT-7;S;E;G;10;94;0;A;NA;150;NA;NA;NA;8.3;10.2;NA;NA;NA;NA;2.43;NA;D;D;NÃO
Extra Grande;AUDI;Q5 Sportback;Advanced;2.0 - 16V;Combustão;DCT-7;S;E;G;10;139;0;A;NA;150;NA;NA;NA;8.3;10.2;NA;NA;NA;NA;2.44;NA;D;D;NÃO
Extra Grande;AUDI;Q5 Sportback;S line;2.0 - 16V;Combustão;DCT-7;S;E;G;10;139;0;A;NA;150;NA;NA;NA;8.3;10.2;NA;NA;NA;NA;2.44;NA;D;D;NÃO
Extra Grande;AUDI;SQ5 SUV;NA;3.0 - 24V;Combustão;DCT-7;S;E;G;13;106;1;A;NA;172;NA;NA;NA;7.2;9.2;NA;NA;NA;NA;2.79;NA;E;E;NÃO
Extra Grande;AUDI;SQ5 Sportback;NA;3.0 - 24V;Combustão;DCT-7;S;E;G;14;98;1;A;NA;179;NA;NA;NA;6.9;8.9;NA;NA;NA;NA;2.90;NA;E;E;NÃO
Extra Grande;AUDI;Q6 e-tron Quattro;Performance;Elétrico;Elétrico;A-1;S;E;E;0;0;0;A;NA;0;NA;NA;NA;NA;NA;34.0;29.6;NA;NA;0.64;411;A;A;NÃO
Extra Grande;AUDI;Q6 e-tron Quattro;Performance black;Elétrico;Elétrico;A-1;S;E;E;0;0;0;A;NA;0;NA;NA;NA;NA;NA;34.0;29.6;NA;NA;0.64;411;A;A;NÃO
Extra Grande;AUDI;Q6 e-tron RWD;Performance;Elétrico;Elétrico;A-1;S;E;E;0;0;0;A;NA;0;NA;NA;NA;NA;NA;33.8;29.3;NA;NA;0.64;411;A;A;NÃO
Extra Grande;AUDI;Q6 Sportback e-tron Quattro;Performance black;Elétrico;Elétrico;A-1;S;E;E;0;0;0;A;NA;0;NA;NA;NA;NA;NA;35.4;31.2;NA;NA;0.61;427;A;A;NÃO
Extra Grande;AUDI;SQ6 Sportback e-tron Quattro;NA;Elétrico;Elétrico;A-1;S;E;E;0;0;0;A;NA;0;NA;NA;NA;NA;NA;35.1;31.9;NA;NA;0.60;428;A;A;NÃO
Extra Grande;AUDI;Q7;S Line;3.0 - 24V;Híbrido;A-8;S;E;G;23;233;0;A;NA;180;NA;NA;NA;7.0;8.6;NA;NA;NA;NA;2.92;NA;E;E;NÃO
Extra Grande;AUDI;Q8 Sportback;Performance Black;3.0 - 24V;Híbrido;A-8;S;E;G;21;205;0;A;NA;192;NA;NA;NA;6.8;7.7;NA;NA;NA;NA;3.11;NA;E;E;NÃO
Extra Grande;AUDI;RSQ8;Performance;4.0 - 32V;Combustão;A-8;S;E;G;34;284;1;B;NA;235;NA;NA;NA;5.3;7.0;NA;NA;NA;NA;3.80;NA;E;E;NÃO
Extra Grande;AUDI;Q6 e-tron Quattro;Dynamic;Elétrico;Elétrico;A-1;S;E;E;0;0;0;A;NA;0;NA;NA;NA;NA;NA;35.3;30.6;NA;NA;0.61;424;A;A;NÃO
Extra Grande;AUDI;Q6 e-tron Quattro;S line;Elétrico;Elétrico;A-1;S;E;E;0;0;0;A;NA;0;NA;NA;NA;NA;NA;35.3;30.6;NA;NA;0.61;424;A;A;NÃO
Extra Grande;AUDI;Q6 Sportback e-tron Quattro;S line;Elétrico;Elétrico;A-1;S;E;E;0;0;0;A;NA;0;NA;NA;NA;NA;NA;35.7;31.5;NA;NA;0.60;432;A;A;NÃO
Extra Grande;AUDI;SQ6 Sportback e-tron Quattro;NA;Elétrico;Elétrico;A-1;S;E;E;0;0;0;A;NA;0;NA;NA;NA;NA;NA;34.8;31.8;NA;NA;0.61;431;A;A;NÃO
Extra Grande;AUDI;A6 e-tron;S line;Elétrico;Elétrico;A-1;S;E;E;0;0;0;A;NA;0;NA;NA;NA;NA;NA;36.5;32.2;NA;NA;0.59;443;A;A;NÃO
Extra Grande;AUDI;RS e-tron GT;Performance;Elétrico;Elétrico;A-1;S;E;E;0;0;0;A;NA;0;NA;NA;NA;NA;NA;25.2;25.9;NA;NA;0.80;348;A;A;NÃO
Extra Grande;BMW;420i;Cabrio;2.0 - 16V;Combustão;A-8;S;E;G;9;148;1;A;NA;125;NA;NA;NA;9.8;12.5;NA;NA;NA;NA;2.02;NA;C;C;NÃO
Extra Grande;BMW;530e;M SPORT;2.0 - 16V;Plug-in;A-8;S;E;G;5;47;0;A;NA;117;16;NA;NA;10.9;12.3;26.2;26.9;NA;NA;0.76;70;A;A;SIM
Extra Grande;BMW;320i;M Sport Flex;2.0 - 16V;Combustão;A-8;S;E;F;47;139;5;B;0;117;NA;7.4;9.0;10.5;13.1;NA;NA;NA;NA;1.88;NA;C;C;NÃO
Extra Grande;BMW;320i;Sport GP Flex;2.0 - 16V;Combustão;A-8;S;E;F;27;163;4;B;0;113;NA;7.6;9.2;10.9;13.3;NA;NA;NA;NA;1.83;NA;C;C;NÃO
Extra Grande;BMW;320i;GP Flex;2.0 - 16V;Combustão;A-8;S;E;F;27;163;4;B;0;113;NA;7.6;9.2;10.9;13.3;NA;NA;NA;NA;1.83;NA;C;C;NÃO
Extra Grande;BMW;320i;Active Flex;2.0 - 16V;Combustão;A-8;S;E;F;28;194;4;B;0;123;NA;7.1;8.6;10.0;12.3;NA;NA;NA;NA;1.98;NA;C;C;NÃO
Extra Grande;BMW;330e;NA;2.0 - 16V;Plug-in;A-8;S;E;G;4;30;1;A;NA;138;21;NA;NA;9.2;10.8;20.6;24.0;NA;NA;0.92;61;A;A;SIM
Extra Grande;BMW;i7;xDrive60;Elétrico;Elétrico;A;S;E;E;0;0;0;A;NA;0;0;NA;NA;NA;NA;31.8;30.3;NA;NA;0.65;467;A;A;NÃO
Extra Grande;BMW;I5;M60;Elétrico;Elétrico;A;S;E;E;0;0;0;A;NA;0;0;NA;NA;NA;NA;35.1;31.7;NA;NA;0.61;393;A;A;NÃO
Extra Grande;BMW;IX;xDrive 50;Elétrico;Elétrico;A;S;E;E;0;0;0;A;NA;0;0;NA;NA;NA;NA;33.2;30.3;NA;NA;0.64;498;A;A;NÃO
Extra Grande;BMW;iX3;50 XDRIVE MSP;Elétrico;Elétrico;A;S;E;E;0;0;0;A;NA;0;0;NA;NA;NA;NA;38.7;35.7;NA;NA;0.54;570;A;A;NÃO
Extra Grande;BYD;ATTO 8;GS DM;1.5-16V;Plug-in;A-1;S;E;G;3;5;1;A;NA;8;0;NA;NA;11.4;10.8;30.1;27.0;NA;NA;0.71;111;A;A;SIM
Extra Grande;BYD;HAN;AWD GS 680EV;Elétrico;Elétrico;NA;S;E;E;0;0;0;A;NA;0;NA;NA;NA;NA;NA;30.8;28.1;NA;NA;0.69;349;A;A;NÃO
Extra Grande;BYD;SEAL;AWD GS 590EV;Elétrico;Elétrico;NA;S;E;E;0;0;0;A;NA;0;NA;NA;NA;NA;NA;34.9;30.5;NA;NA;0.62;372;A;A;NÃO
Extra Grande;BYD;TAN;AWD GS 700EV;Elétrico;Elétrico;NA;S;E;E;0;0;0;A;NA;0;NA;NA;NA;NA;NA;30.2;25.3;NA;NA;0.73;430;A;A;NÃO
Extra Grande;BYD;SONG PLUS;GS DM;1.5-16V;Plug-in;A-1;S;E;G;6;21;0;A;NA;16;0;NA;NA;15.0;11.2;39.5;30.2;NA;NA;0.58;63;A;A;SIM
Extra Grande;BYD;SONG PLUS;PREM DM;1.5-16V;Plug-in;A-1;S;E;G;7;17;1;A;NA;12;0;NA;NA;12.2;10.1;33.4;27.5;NA;NA;0.67;87;A;A;SIM
Extra Grande;BYD;SONG PLUS;PREM DM (MY27);1.5-16V;Plug-in;A-1;S;E;G;16;11;1;A;NA;117;12;NA;NA;12.0;10.6;31.7;25.1;NA;NA;0.72;83;A;A;SIM
Extra Grande;BYD;SONG PRO;GS DM;1.5-16V;Plug-in;A-1;S;E;G;2;14;0;A;NA;15;0;NA;NA;14.8;12.0;38.4;30.0;NA;NA;0.60;62;A;A;SIM
Extra Grande;BYD;SONG PRO;GL DM;1.5-16V;Plug-in;A-1;S;E;G;4;22;1;A;NA;24;2;NA;NA;14.7;11.0;41.1;29.8;NA;NA;0.58;49;A;A;SIM
Extra Grande;BYD;SONG PRO;GL DM FLEX;1.5-16V;Plug-in;A-1;S;E;F;11;30;2;A;0;87;15;12.1;10.7;16.0;13.9;43.9;34.1;31.3;22.4;0.53;57;A;A;SIM
Extra Grande;BYD;SONG PRO;GS DM FLEX;1.5-16V;Plug-in;A-1;S;E;F;22;24;3;A;0;88;11;11.7;10.5;15.9;13.5;41.9;29.6;30.2;24.0;0.55;72;A;A;SIM
Extra Grande;BYD;KING;GL DM;1.5-16V;Plug-in;A-1;S;E;G;4;28;0;A;NA;30;0;NA;NA;17.1;13.6;43.5;33.1;NA;NA;0.53;35;A;A;SIM
Extra Grande;BYD;KING;GS DM;1.5-16V;Plug-in;A-1;S;E;G;7;9;0;A;NA;10;0;NA;NA;16.4;12.9;45.6;37.3;NA;NA;0.49;78;A;A;SIM
Extra Grande;BYD;SEALION 7;GS 690EV;Elétrico;Elétrico;A-1;S;E;E;NA;NA;NA;A;NA;NA;NA;NA;NA;NA;NA;33.2;28.2;NA;NA;0.66;360;A;A;NÃO
Extra Grande;CAOA CHANGAN;AVATR 11;EV;Elétrico;Elétrico;A;S;E;E;0;0;0;A;NA;NA;NA;NA;NA;NA;NA;35.0;32.2;NA;NA;0.60;497;A;A;NÃO
Extra Grande;CHEVROLET;BLAZER EV;RS;Elétrico;Elétrico;Automática (A);S;E;E;NA;NA;NA;A;NA;NA;NA;NA;NA;NA;NA;34.2;30.4;NA;NA;0.63;481;A;A;NÃO
Extra Grande;CHEVROLET;EQUINOX;ACTIV;1.5T -16V;Combustão;A-8;S;E;G;21;140;1;A;NA;140;NA;NA;NA;9.0;10.7;NA;NA;NA;NA;2.28;NA;D;D;NÃO
Extra Grande;CHEVROLET;EQUINOX;RS;1.5T -16V;Combustão;A-8;S;E;G;21;140;1;A;NA;140;NA;NA;NA;9.0;10.7;NA;NA;NA;NA;2.28;NA;D;D;NÃO
Extra Grande;CHEVROLET;EQUINOX EV;NA;Elétrico;Elétrico;Automática (A);S;E;E;NA;NA;NA;A;NA;NA;NA;NA;NA;NA;NA;37.1;35.6;NA;NA;0.56;443;A;A;NÃO
Extra Grande;CHEVROLET;CAPTIVA EV;PR;Elétrico;Elétrico;Automática (A);S;E;E;NA;NA;NA;A;NA;NA;NA;NA;NA;NA;NA;36.2;28.9;NA;NA;0.62;304;A;A;NÃO
Extra Grande;FORD;TERRITORY;Titanium;1.5 - 16V;Combustão;A-7;S;E;G;39;508;0;B;NA;139;NA;NA;NA;8.8;11.2;NA;NA;NA;NA;2.26;NA;D;D;NÃO
Extra Grande;GAC;AION ES;PLUS;Elétrico;Elétrico;A-1;S;E;E;NA;NA;NA;A;NA;NA;NA;NA;NA;NA;NA;47.1;42.9;NA;NA;0.45;314;A;A;NÃO
Extra Grande;GAC;HYPTEC HT;ELITE;Elétrico;Elétrico;A-1;S;E;E;NA;NA;NA;A;NA;NA;NA;NA;NA;NA;NA;43.1;33.4;NA;NA;0.53;431;A;A;NÃO
Extra Grande;GAC;HYPTEC HT;ULTRA;Elétrico;Elétrico;A-1;S;E;E;NA;NA;NA;A;NA;NA;NA;NA;NA;NA;NA;43.1;33.4;NA;NA;0.53;431;A;A;NÃO
Extra Grande;GAC;AION V;ELITE;Elétrico;Elétrico;A-1;S;E;E;NA;NA;NA;A;NA;NA;NA;NA;NA;NA;NA;40.3;34.6;NA;NA;0.54;389;A;A;NÃO
Extra Grande;GAC;AION V;PREMIUM;Elétrico;Elétrico;A-1;S;E;E;NA;NA;NA;A;NA;NA;NA;NA;NA;NA;NA;38.8;34.7;NA;NA;0.55;325;A;A;NÃO
Extra Grande;Geely;EX5;MAX;Elétrico;Elétrico;A;S;E;E;NA;NA;NA;A;NA;NA;NA;NA;NA;NA;NA;43.0;37.1;NA;NA;0.51;349;A;A;NÃO
Extra Grande;Geely;EX5;PRO;Elétrico;Elétrico;A;S;E;E;NA;NA;NA;A;NA;NA;NA;NA;NA;NA;NA;51.0;44.7;NA;NA;0.42;413;A;A;NÃO
Extra Grande;Geely;EX5 EM-i;MAX / PRO;1.5-16V;Plug-in;A;S;E;G;5;14;1;A;NA;14;14;NA;NA;14.6;13.3;39.0;34.0;NA;NA;0.55;65;A;A;SIM
Extra Grande;Geely;EX5 EM-i;ULTRA;1.5-16V;Plug-in;A;S;E;G;4;11;1;A;NA;10;10;NA;NA;14.8;13.1;37.1;31.6;NA;NA;0.59;112;A;A;SIM
Extra Grande;HONDA;ACCORD HYBRID;TOURING;2.0 - 16V;Híbrido;CVT;S;E;G;10;69;0;A;NA;78;NA;NA;NA;17.5;15.6;NA;NA;NA;NA;1.26;NA;B;B;NÃO
Extra Grande;HONDA;PRELUDE;TOP;2.0 - 16V;Híbrido;CVT;S;E;G;13;94;0;A;NA;76;NA;NA;NA;17.9;15.7;NA;NA;NA;NA;1.24;NA;B;B;NÃO
Extra Grande;HONDA;PRELUDE;SP;2.0 - 16V;Híbrido;CVT;S;E;G;13;94;0;A;NA;76;NA;NA;NA;17.9;15.7;NA;NA;NA;NA;1.24;NA;B;B;NÃO
Extra Grande;Hyundai;IONIQ 5;Platinum;Elétrico;Elétrico;A-1;S;E;E;NA;NA;NA;A;NA;NA;NA;NA;NA;NA;NA;33.6;28.1;NA;NA;0.66;374;A;A;NÃO
Extra Grande;Hyundai;IONIQ 5;Ultimate;Elétrico;Elétrico;A-1;S;E;E;NA;NA;NA;A;NA;NA;NA;NA;NA;NA;NA;33.6;28.1;NA;NA;0.66;374;A;A;NÃO
Extra Grande;Hyundai;IONIQ 5;Signature;Elétrico;Elétrico;A-1;S;E;E;NA;NA;NA;A;NA;NA;NA;NA;NA;NA;NA;33.6;28.1;NA;NA;0.66;374;A;A;NÃO
Extra Grande;JAC;e-J7;e-J7;Elétrico;Elétrico;A-1;S;E;E;NA;NA;NA;A;NA;NA;NA;NA;NA;NA;NA;44.0;37.1;NA;NA;0.50;263;A;A;NÃO
Extra Grande;JETOUR;S06 DM;ADVANCE;1.5-16V;Plug-in;A-1;S;E;G;5;40;1;A;NA;98;14;NA;NA;14.0;12.6;36.2;28.9;NA;NA;0.62;70;A;A;SIM
Extra Grande;JETOUR;S06 DM;PREMIUM;1.5-16V;Plug-in;A-1;S;E;G;5;40;1;A;NA;98;14;NA;NA;14.0;12.6;36.2;28.9;NA;NA;0.62;70;A;A;SIM
Extra Grande;KIA;EV5 2WD;AIR 2WD;ELÉTRICO;Elétrico;A-1;S;E;E;NA;NA;NA;A;NA;NA;NA;NA;NA;NA;NA;37.6;30.5;NA;NA;0.60;402;A;A;NÃO
Extra Grande;KIA;EV5 2WD;LAND 2WD;ELÉTRICO;Elétrico;A-1;S;E;E;NA;NA;NA;A;NA;NA;NA;NA;NA;NA;NA;37.6;30.5;NA;NA;0.60;402;A;A;NÃO
Extra Grande;LEXUS;NX350H;DYNAMIC;2.5 - 16V;Híbrido;CVT;S;E;G;15;44;1;A;NA;88;NA;NA;NA;15.7;13.8;NA;NA;NA;NA;1.43;NA;B;B;NÃO
Extra Grande;LEXUS;NX350H;F-SPORT;2.5 - 16V;Híbrido;CVT;S;E;G;15;44;1;A;NA;88;NA;NA;NA;15.7;13.8;NA;NA;NA;NA;1.43;NA;B;B;NÃO
Extra Grande;LEXUS;NX350H;LUXURY;2.5 - 16V;Híbrido;CVT;S;E;G;15;44;1;A;NA;88;NA;NA;NA;15.7;13.8;NA;NA;NA;NA;1.43;NA;B;B;NÃO
Extra Grande;LEXUS;NX 450H PLUG-IN;NX450H PLUG-IN;2.5 - 16V;Plug-in;CVT;S;E;G;2;4;0;A;NA;95;17;NA;NA;14.5;13.1;37.1;29.5;NA;NA;0.61;56;A;A;SIM
Extra Grande;LEXUS;RX500H;F-SPORT;2.4 - 16V;Híbrido;A-6;S;E;G;10;130;0;A;NA;124;NA;NA;NA;10.8;11.0;NA;NA;NA;NA;2.00;NA;C;C;NÃO
Extra Grande;LEXUS;RX450H PLUG-IN;I/LEXUS RX450H PLUG-IN;2.5-16V;Plug-in;CVT;S;E;G;2;3;0;A;NA;19;19;NA;NA;14.1;12.6;35.0;28.5;NA;NA;0.64;54;A;A;SIM
Extra Grande;LEXUS;RZ;500e;Elétrico;Elétrico;CVT;S;E;E;NA;NA;NA;A;NA;NA;NA;NA;NA;NA;NA;39.1;32.3;NA;NA;0.57;357;A;A;NÃO
Extra Grande;Mercedes-Benz;CLA200;AMG LINE;1.3-16V;Híbrido;DCT-7;S;E;G;33;125;3;B;NA;104;NA;NA;NA;12.0;14.0;NA;NA;NA;NA;1.68;NA;C;C;NÃO
Extra Grande;Mercedes-Benz;CLA200;PROGRESSIVE;1.3-16V;Híbrido;DCT-7;S;E;G;33;125;3;B;NA;104;NA;NA;NA;12.0;14.0;NA;NA;NA;NA;1.68;NA;C;C;NÃO
Extra Grande;Mercedes-Benz;AMG CLA35 4M;NA;2.0-16V;Híbrido;DCT-8;S;E;G;21;160;1;A;NA;146;NA;NA;NA;8.1;11.7;NA;NA;NA;NA;2.35;NA;D;D;NÃO
Extra Grande;Mercedes-Benz;AMG CLA45S 4M;NA;2.0-16V;Combustão;DCT-8;S;E;G;28;143;2;A;NA;151;NA;NA;NA;8.1;10.7;NA;NA;NA;NA;2.44;NA;D;D;NÃO
Extra Grande;Mercedes-Benz;C200;AMG LINE;1.5-16V;Híbrido;A-9;S;E;G;19;128;0;A;NA;107;NA;NA;NA;11.4;14.1;NA;NA;NA;NA;1.74;NA;C;C;NÃO
Extra Grande;Mercedes-Benz;C300;AMG LINE;2.0-16V;Híbrido;A-9;S;E;G;18;111;0;A;NA;113;NA;NA;NA;10.8;13.4;NA;NA;NA;NA;1.84;NA;C;C;NÃO
Extra Grande;Mercedes-Benz;AMG C63S EP;F1;2.0-16V;Plug-in;A-9;S;E;G;9;228;1;A;NA;142;142;NA;NA;7.2;8.1;10.7;11.9;NA;NA;1.81;9;C;C;NÃO
Extra Grande;Mercedes-Benz;AMG C63S EP;NA;2.0-16V;Plug-in;A-9;S;E;G;9;228;1;A;NA;142;142;NA;NA;7.2;8.1;10.7;11.9;NA;NA;1.81;9;C;C;NÃO
Extra Grande;Mercedes-Benz;E300;EXCLUSIVE;2.0-16V;Híbrido;A-9;S;E;G;21;111;1;A;NA;123;NA;NA;NA;9.9;12.7;NA;NA;NA;NA;1.99;NA;C;C;NÃO
Extra Grande;Mercedes-Benz;AMG S63 EP;NA;4.0-32V;Plug-in;A-9;S;E;G;10;202;0;A;NA;196;96;NA;NA;6.5;7.8;15.4;19.9;NA;NA;1.18;25;B;B;NÃO
Extra Grande;Mercedes-Benz;GLB220 4M;AMG LINE;2.0-16V;Híbrido;DCT-8;S;E;G;13;123;1;A;NA;118;NA;NA;NA;10.4;13.0;NA;NA;NA;NA;1.91;NA;C;C;NÃO
Extra Grande;Mercedes-Benz;GLB220 4M;PROGRESSIVE;2.0-16V;Híbrido;DCT-8;S;E;G;13;123;1;A;NA;118;NA;NA;NA;10.4;13.0;NA;NA;NA;NA;1.91;NA;C;C;NÃO
Extra Grande;Mercedes-Benz;AMG GLB35 4M;NA;2.0-16V;Híbrido;DCT-8;S;E;G;9;142;0;A;NA;151;NA;NA;NA;8.4;9.8;NA;NA;NA;NA;2.46;NA;D;D;NÃO
Extra Grande;Mercedes-Benz;AMG GLC43;CO;2.0-16V;Híbrido;A-9;S;E;G;23;84;0;A;NA;172;NA;NA;NA;7.3;9.1;NA;NA;NA;NA;2.79;NA;E;E;NÃO
Extra Grande;Mercedes-Benz;AMG GLC63S EP;NA;2.0-16V;Plug-in;A-9;S;E;G;12;417;1;A;NA;184;152;NA;NA;7.2;7.8;6.3;7.6;NA;NA;2.98;18;E;E;NÃO
Extra Grande;Mercedes-Benz;AMG GLE53 4M;NA;3.0-24V;Híbrido;A-9;S;E;G;16;99;2;A;NA;173;NA;NA;NA;7.3;8.9;NA;NA;NA;NA;2.81;NA;E;E;NÃO
Extra Grande;Mercedes-Benz;AMG GLE63 S CO;Coupé;4.0-32V;Híbrido;A-9;S;E;G;19;177;1;A;NA;215;NA;NA;NA;5.9;7.3;NA;NA;NA;NA;3.48;NA;E;E;NÃO
Extra Grande;Mercedes-Benz;GLS450 4M;AMG L;3.0-24V;Híbrido;A-9;S;E;G;17;103;1;A;NA;169;NA;NA;NA;7.5;9.0;NA;NA;NA;NA;2.75;NA;E;E;NÃO
Extra Grande;Mercedes-Benz;EQB250+;NA;Elétrico;Elétrico;A-1;S;E;E;NA;NA;NA;A;NA;NA;NA;NA;NA;NA;NA;40.3;36.6;NA;NA;0.53;376;A;A;NÃO
Extra Grande;Mercedes-Benz;AMG GLC43;NA;2.0-16V;Híbrido;A-9;S;E;G;17;119;1;A;NA;184;NA;NA;NA;6.8;8.7;NA;NA;NA;NA;2.98;NA;E;E;NÃO
Extra Grande;Mercedes-Benz;AMG GLC43;NA;2.0-16V;Híbrido;A-9;S;E;G;23;84;0;A;NA;172;NA;NA;NA;7.3;9.1;NA;NA;NA;NA;2.79;NA;E;E;NÃO
Extra Grande;Mercedes-Benz;E300;EXCLUSIVE;2.0-16V;Híbrido;A-9;S;E;G;29;123;1;A;NA;126;NA;NA;NA;9.7;12.3;NA;NA;NA;NA;2.05;NA;C;C;NÃO
Extra Grande;Mercedes-Benz;GLB250;EV AMGL;Elétrico;Elétrico;A-1;S;E;E;NA;NA;NA;A;NA;NA;NA;NA;NA;NA;NA;37.8;33.4;NA;NA;0.57;427;A;A;NÃO
Extra Grande;Mitsubishi;Outlander;HPE-S E;2.4-16V;Plug-in;AT;S;E;G;5;7;0;A;NA;120;21;NA;NA;11.6;10.4;27.7;25.2;NA;NA;0.77;58;A;A;SIM
Extra Grande;Mitsubishi;Outlander;SIGNATURE E;2.4-16V;Plug-in;AT;S;E;G;5;7;0;A;NA;120;21;NA;NA;11.6;10.4;27.7;25.2;NA;NA;0.77;58;A;A;SIM
Extra Grande;OMODA;7;PHEV LUXURY;1.5-16V;Plug-in;A-1;S;E;G;7;28;1;A;NA;18;0;NA;NA;14.0;11.9;33.4;28.4;NA;NA;0.66;60;A;A;SIM
Extra Grande;OMODA;7;PHEV PRESTIGE;1.5-16V;Plug-in;A-1;S;E;G;7;28;1;A;NA;18;0;NA;NA;14.0;11.9;33.4;28.4;NA;NA;0.66;60;A;A;SIM
Extra Grande;PORSCHE;MACAN;S;2.9-24V;Combustão;DCT-7;S;E;G;39;85;2;A;NA;182;NA;NA;NA;7.0;8.4;NA;NA;NA;NA;2.96;NA;E;E;NÃO
Extra Grande;PORSCHE;MACAN;E4;Elétrico;Elétrico;NA;S;E;E;0;0;0;A;NA;0;NA;NA;NA;NA;NA;36.5;31.0;NA;NA;0.60;443;A;A;NÃO
Extra Grande;PORSCHE;MACAN;ETURBO;Elétrico;Elétrico;NA;S;E;E;0;0;0;A;NA;0;NA;NA;NA;NA;NA;36.1;30.3;NA;NA;0.61;435;A;A;NÃO
Extra Grande;PORSCHE;MACAN;E4S;Elétrico;Elétrico;NA;S;E;E;0;0;0;A;NA;0;NA;NA;NA;NA;NA;36.2;30.4;NA;NA;0.61;438;A;A;NÃO
Extra Grande;PORSCHE;MACAN;GTS (MY 2026);2.9-24V;Combustão;DCT-7;S;E;G;33;154;1;A;NA;182;NA;NA;NA;7.0;8.4;NA;NA;NA;NA;2.94;NA;E;E;NÃO
Extra Grande;PORSCHE;MACAN;NA;2.0-16V;Combustão;DCT-7;S;E;G;22;290;0;A;NA;175;NA;NA;NA;7.3;8.5;NA;NA;NA;NA;2.84;NA;E;E;NÃO
Extra Grande;PORSCHE;MACAN;T;2.0-16V;Combustão;DCT-7;S;E;G;22;290;0;A;NA;175;NA;NA;NA;7.3;8.5;NA;NA;NA;NA;2.84;NA;E;E;NÃO
Extra Grande;PORSCHE;MACAN;EGTS;Elétrico;Elétrico;NA;S;E;E;NA;NA;NA;A;NA;NA;NA;NA;NA;NA;NA;36.1;30.6;NA;NA;0.61;441;A;A;NÃO
Extra Grande;PORSCHE;CAYENNE;E;Elétrico;Elétrico;NA;S;E;E;NA;NA;NA;A;NA;NA;NA;NA;NA;NA;NA;35.0;29.5;NA;NA;0.63;493;A;A;NÃO
Extra Grande;PORSCHE;CAYENNE;E OF;Elétrico;Elétrico;NA;S;E;E;NA;NA;NA;A;NA;NA;NA;NA;NA;NA;NA;35.0;29.5;NA;NA;0.63;493;A;A;NÃO
Extra Grande;PORSCHE;CAYENNE;E C;Elétrico;Elétrico;NA;S;E;E;NA;NA;NA;A;NA;NA;NA;NA;NA;NA;NA;35.0;29.5;NA;NA;0.63;493;A;A;NÃO
Extra Grande;PORSCHE;CAYENNE;E CO;Elétrico;Elétrico;NA;S;E;E;NA;NA;NA;A;NA;NA;NA;NA;NA;NA;NA;35.0;29.5;NA;NA;0.63;493;A;A;NÃO
Extra Grande;RENAULT;KOLEOS;E-TECH;1.5T 16V;Híbrido;A-4;S;E;G;14;80;0;A;NA;105;NA;NA;NA;13.1;12.1;NA;NA;NA;NA;1.70;NA;C;C;NÃO
Extra Grande;TOYOTA;RAV4;SX CONNECT;2.5-16V;Híbrido;CVT;S;E;G;17;64;1;A;NA;89;NA;NA;NA;15.3;14.1;NA;NA;NA;NA;1.43;NA;B;B;NÃO
Extra Grande;TOYOTA;RAV4;S CONNECT;2.5-16V;Híbrido;CVT;S;E;G;17;64;1;A;NA;89;NA;NA;NA;15.3;14.1;NA;NA;NA;NA;1.43;NA;B;B;NÃO
Extra Grande;TOYOTA;RAV4;SX HYBRID;2.5-16V;Combustão;CVT;S;E;G;9;41;0;A;NA;88;NA;NA;NA;16.1;13.5;NA;NA;NA;NA;1.42;NA;B;B;NÃO
Extra Grande;VOLVO;ES90;TWIN PE ULT;Elétrico;Elétrico;A-1;S;E;E;NA;0;0;A;NA;0;NA;NA;NA;NA;NA;38.9;34.3;NA;NA;0.55;524;A;A;NÃO
Extra Grande;TOYOTA;RAV4;S HYBRID;2.5-16V;Combustão;CVT;S;E;G;9;41;0;A;NA;88;NA;NA;NA;16.1;13.5;NA;NA;NA;NA;1.42;NA;B;B;NÃO
Extra Grande;VW;JETTA;GLI;2.0-16V;Combustão;DCT - 7;S;E;G;9;150;0;A;NA;118;NA;NA;NA;10.3;13.4;NA;NA;NA;NA;1.90;NA;C;C;NÃO
Extra Grande;ZEEKR;1;Flagship;Elétrico;Elétrico;A;S;E;E;NA;NA;NA;A;NA;NA;NA;NA;NA;NA;NA;34.1;30.1;NA;NA;0.63;426;A;A;NÃO
Extra Grande;ZEEKR;1;Premium;Elétrico;Elétrico;A;S;E;E;NA;NA;NA;A;NA;NA;NA;NA;NA;NA;NA;34.1;30.1;NA;NA;0.63;426;A;A;NÃO
Extra Grande;ZEEKR;7X;Flagship AWD;Elétrico;Elétrico;A;S;E;E;NA;NA;NA;A;NA;NA;NA;NA;NA;NA;NA;34.5;29.0;NA;NA;0.64;423;A;A;NÃO
Extra Grande;ZEEKR;7X;Premium RWD;Elétrico;Elétrico;A;S;E;E;NA;NA;NA;A;NA;NA;NA;NA;NA;NA;NA;39.5;34.0;NA;NA;0.55;491;A;A;NÃO
Utilitário Esportivo Compacto;CAOA CHERY;TIGGO 5X;PRO HA;1.5T -16V;Híbrido;CVT;S;E;F;30;166;1;A;0;115;NA;8.1;8.5;11.4;11.8;NA;NA;NA;NA;1.85;NA;C;C;NÃO
Utilitário Esportivo Compacto;CAOA CHERY;TIGGO 5X;PRO;1.5T -16V;Combustão;CVT;S;E;F;37;124;4;B;0;126;NA;6.6;8.0;10.0;11.7;NA;NA;NA;NA;2.08;NA;E;D;NÃO
Utilitário Esportivo Compacto;CAOA CHERY;TIGGO 5X;SPORT;1.5T -16V;Combustão;CVT;S;E;F;37;124;4;B;0;126;NA;6.6;8.0;10.0;11.7;NA;NA;NA;NA;2.08;NA;E;D;NÃO
Utilitário Esportivo Compacto;CHEVROLET;TRACKER;LT;1.0T - 12V;Combustão;A-6;S;E;F;19;168;3;A;0;108;NA;8.1;9.9;11.5;13.8;NA;NA;NA;NA;1.72;NA;B;C;NÃO
Utilitário Esportivo Compacto;CHEVROLET;TRACKER;LTZ;1.0T - 12V;Combustão;A-6;S;E;F;19;168;3;A;0;108;NA;8.1;9.9;11.5;13.8;NA;NA;NA;NA;1.72;NA;B;C;NÃO
Utilitário Esportivo Compacto;CHEVROLET;TRACKER;AT;1.0T - 12V;Combustão;A-6;S;E;F;19;168;3;A;0;108;NA;8.1;9.9;11.5;13.8;NA;NA;NA;NA;1.72;NA;B;C;NÃO
Utilitário Esportivo Compacto;CHEVROLET;TRACKER;LT;1.0T - 12V;Combustão;A-6;S;E;F;19;168;3;A;0;108;NA;8.1;9.9;11.5;13.8;NA;NA;NA;NA;1.72;NA;B;C;NÃO
Utilitário Esportivo Compacto;CHEVROLET;TRACKER;LTZ;1.0T - 12V;Combustão;A-6;S;E;F;19;168;3;A;0;108;NA;8.1;9.9;11.5;13.8;NA;NA;NA;NA;1.72;NA;B;C;NÃO
Utilitário Esportivo Compacto;CHEVROLET;TRACKER;RS;1.2T - 12V;Combustão;A-6;S;E;F;18;139;2;A;0;111;NA;7.6;9.7;11.0;13.7;NA;NA;NA;NA;1.80;NA;C;C;NÃO
Utilitário Esportivo Compacto;CHEVROLET;TRACKER;PREMIER;1.2T - 12V;Combustão;A-6;S;E;F;18;139;2;A;0;111;NA;7.6;9.7;11.0;13.7;NA;NA;NA;NA;1.80;NA;C;C;NÃO
Utilitário Esportivo Compacto;CHEVROLET;TRACKER;PREMIER;1.2T - 12V;Combustão;A-6;S;E;F;18;139;2;A;0;111;NA;7.6;9.7;11.0;13.7;NA;NA;NA;NA;1.80;NA;C;C;NÃO
Utilitário Esportivo Compacto;CHEVROLET;SONIC;10T AT PR;1.0T - 12V;Combustão;A-6;S;E;F;25;196;3;A;0;101;NA;8.4;10.4;12.1;14.8;NA;NA;NA;NA;1.63;NA;A;C;NÃO
Utilitário Esportivo Compacto;CHEVROLET;SONIC;10T AT RS;1.0T - 12V;Combustão;A-6;S;E;F;25;196;3;A;0;101;NA;8.4;10.4;12.1;14.8;NA;NA;NA;NA;1.63;NA;A;C;NÃO
Utilitário Esportivo Compacto;CITROEN;BASALT;FEEL 1.0;1.0-6V;Combustão;M-5;S;E;F;39;437;5;C;0;97;NA;9.2;10.1;13.2;14.3;NA;NA;NA;NA;1.56;NA;A;C;NÃO
Utilitário Esportivo Compacto;CITROEN;BASALT;LIVE 1.0;1.0-6V;Combustão;M-5;S;E;F;39;437;5;C;0;97;NA;9.2;10.1;13.2;14.3;NA;NA;NA;NA;1.56;NA;A;C;NÃO
Utilitário Esportivo Compacto;CITROEN;BASALT;SHINE T200;1.0T-12V;Combustão;CVT-7;S;E;F;39;403;6;B;0;104;NA;8.4;9.6;12.1;13.7;NA;NA;NA;NA;1.69;NA;B;C;NÃO
Utilitário Esportivo Compacto;CITROEN;BASALT;FL PKT200;1.0T-12V;Combustão;CVT-7;S;E;F;39;403;6;B;0;104;NA;8.4;9.6;12.1;13.7;NA;NA;NA;NA;1.69;NA;B;C;NÃO
Utilitário Esportivo Compacto;CITROEN;BASALT;T200 DARK;1.0T-12V;Combustão;CVT-7;S;E;F;39;403;6;B;0;104;NA;8.4;9.6;12.1;13.7;NA;NA;NA;NA;1.69;NA;B;C;NÃO
Utilitário Esportivo Compacto;CITROEN;C3;FEEL 1.0;1.0-6V;Combustão;M-5;S;E;F;39;441;3;B;0;96;NA;9.3;10.3;13.2;14.5;NA;NA;NA;NA;1.54;NA;A;C;NÃO
Utilitário Esportivo Compacto;CITROEN;C3;FEEL PLUS 1.0;1.0-6V;Combustão;M-5;S;E;F;34;457;3;B;0;94;NA;9.5;10.4;13.4;14.6;NA;NA;NA;NA;1.51;NA;A;B;SIM
Utilitário Esportivo Compacto;CITROEN;C3;LIVE 1.0;1.0-6V;Combustão;M-5;S;E;F;39;441;3;B;0;96;NA;9.3;10.3;13.2;14.5;NA;NA;NA;NA;1.54;NA;A;C;NÃO
Utilitário Esportivo Compacto;CITROEN;C3;LIVE GO 1.0;1.0-6V;Combustão;M-5;S;E;F;34;457;3;B;0;94;NA;9.5;10.4;13.4;14.6;NA;NA;NA;NA;1.51;NA;A;B;SIM
Utilitário Esportivo Compacto;CITROEN;C3;LIVE PK 1.0;1.0-6V;Combustão;M-5;S;E;F;39;441;3;B;0;96;NA;9.3;10.3;13.2;14.5;NA;NA;NA;NA;1.54;NA;A;C;NÃO
Utilitário Esportivo Compacto;CITROEN;C3;LIVE PLUS 1.0;1.0-6V;Combustão;M-5;S;E;F;34;457;3;B;0;94;NA;9.5;10.4;13.4;14.6;NA;NA;NA;NA;1.51;NA;A;B;SIM
Utilitário Esportivo Compacto;CITROEN;C3;XTR 1.0;1.0-6V;Combustão;M-5;S;E;F;37;372;3;B;0;97;NA;9.5;10.3;13.0;14.2;NA;NA;NA;NA;1.55;NA;A;C;NÃO
Utilitário Esportivo Compacto;CITROEN;C3;YOU 1.0T CVT;1.0T-12V;Combustão;CVT-7;S;E;F;40;552;6;C;0;110;NA;8.1;8.9;11.5;12.9;NA;NA;NA;NA;1.78;NA;C;C;NÃO
Utilitário Esportivo Compacto;CITROEN;AIRCROSS;XTR 7;1.0T-12V;Combustão;CVT-7;S;E;F;36;354;4;B;0;114;NA;7.6;8.9;11.0;12.6;NA;NA;NA;NA;1.86;NA;C;C;NÃO
Utilitário Esportivo Compacto;CITROEN;AIRCROSS;XTR;1.0T-12V;Combustão;CVT-7;S;E;F;36;354;4;B;0;114;NA;7.6;8.9;11.0;12.6;NA;NA;NA;NA;1.86;NA;C;C;NÃO
Utilitário Esportivo Compacto;CITROEN;AIRCROSS;FL;1.0T-12V;Combustão;CVT-7;S;E;F;35;423;2;B;0;111;NA;7.9;9.1;11.2;13.0;NA;NA;NA;NA;1.80;NA;C;C;NÃO
Utilitário Esportivo Compacto;CITROEN;AIRCROSS;7 FL;1.0T-12V;Combustão;CVT-7;S;E;F;35;423;2;B;0;111;NA;7.9;9.1;11.2;13.0;NA;NA;NA;NA;1.80;NA;C;C;NÃO
Utilitário Esportivo Compacto;CITROEN;AIRCROSS;FL PK;1.0T-12V;Combustão;CVT-7;S;E;F;35;423;2;B;0;111;NA;7.9;9.1;11.2;13.0;NA;NA;NA;NA;1.80;NA;C;C;NÃO
Utilitário Esportivo Compacto;CITROEN;AIRCROSS;7 FL PK;1.0T-12V;Combustão;CVT-7;S;E;F;35;423;2;B;0;111;NA;7.9;9.1;11.2;13.0;NA;NA;NA;NA;1.80;NA;C;C;NÃO
Utilitário Esportivo Compacto;CITROEN;AIRCROSS;SH;1.0T-12V;Combustão;CVT-7;S;E;F;35;423;2;B;0;111;NA;7.9;9.1;11.2;13.0;NA;NA;NA;NA;1.80;NA;C;C;NÃO
Utilitário Esportivo Compacto;CITROEN;AIRCROSS;7 SH;1.0T-12V;Combustão;CVT-7;S;E;F;35;423;2;B;0;111;NA;7.9;9.1;11.2;13.0;NA;NA;NA;NA;1.80;NA;C;C;NÃO
Utilitário Esportivo Compacto;FIAT;ARGO;TREKKING 1.3;1.3-8V;Combustão;M-5;S;E;F;39;334;4;B;0;97;NA;8.9;10.2;12.9;14.7;NA;NA;NA;NA;1.57;NA;A;C;NÃO
Utilitário Esportivo Compacto;FIAT;ARGO;ENDUR 1.3 MT;1.3-8V;Combustão;M-5;S;E;F;39;334;4;B;0;97;NA;8.9;10.2;12.9;14.7;NA;NA;NA;NA;1.57;NA;A;C;NÃO
Utilitário Esportivo Compacto;FIAT;ARGO;TREKKING 1.3AT;1.3-8V;Combustão;CVT-7;S;E;F;37;297;4;B;0;99;NA;9.0;10.3;12.8;14.3;NA;NA;NA;NA;1.58;NA;A;C;NÃO
Utilitário Esportivo Compacto;FIAT;PULSE;DRIVE MT;1.3-8V;Combustão;M-5;S;E;F;31;400;4;B;0;98;NA;9.0;10.3;12.6;14.5;NA;NA;NA;NA;1.58;NA;A;C;NÃO
Utilitário Esportivo Compacto;FIAT;PULSE;DRIVE AT;1.3-8V;Combustão;CVT-7;S;E;F;46;315;5;C;0;97;NA;8.9;10.5;13.0;14.7;NA;NA;NA;NA;1.56;NA;A;C;NÃO
Utilitário Esportivo Compacto;FIAT;PULSE;AUDACE HYB;1.0T-12V;Híbrido;CVT-7;S;E;F;42;312;6;B;0;95;NA;9.3;10.2;13.4;14.4;NA;NA;NA;NA;1.54;NA;A;C;NÃO
Utilitário Esportivo Compacto;FIAT;PULSE;DRIVE TF 200;1.0T-12V;Combustão;CVT-7;S;E;F;32;145;5;B;0;101;NA;8.6;10.0;12.3;14.4;NA;NA;NA;NA;1.63;NA;A;C;NÃO
Utilitário Esportivo Compacto;FIAT;PULSE;IMPETUS HYB;1.0T-12V;Híbrido;CVT-7;S;E;F;42;312;6;B;0;95;NA;9.3;10.2;13.4;14.4;NA;NA;NA;NA;1.54;NA;A;C;NÃO
Utilitário Esportivo Compacto;FIAT;PULSE;ABARTH 270;1.3T-16V;Combustão;A-6;S;E;F;27;141;5;B;0;120;NA;7.2;8.8;10.5;12.2;NA;NA;NA;NA;1.94;NA;D;C;NÃO
Utilitário Esportivo Compacto;HONDA;WR-V;EX;1.5-16V;Combustão;CVT;S;E;F;22;191;1;A;0;108;NA;8.2;8.9;12.0;12.8;NA;NA;NA;NA;1.76;NA;B;C;NÃO
Utilitário Esportivo Compacto;HONDA;WR-V;EXL;1.5-16V;Combustão;CVT;S;E;F;22;191;1;A;0;108;NA;8.2;8.9;12.0;12.8;NA;NA;NA;NA;1.76;NA;B;C;NÃO
Utilitário Esportivo Compacto;HYUNDAI;CRETA;Comfort;1.0-12V T;Combustão;A-6;S;E;F;31;120;4;A;0;108;NA;8.4;9.0;12.0;12.7;NA;NA;NA;NA;1.74;NA;B;C;NÃO
Utilitário Esportivo Compacto;HYUNDAI;CRETA;Comfort Safety;1.0-12V T;Combustão;A-6;S;E;F;31;120;4;A;0;108;NA;8.4;9.0;12.0;12.7;NA;NA;NA;NA;1.74;NA;B;C;NÃO
Utilitário Esportivo Compacto;HYUNDAI;CRETA;Limited;1.0-12V T;Combustão;A-6;S;E;F;31;120;4;A;0;108;NA;8.4;9.0;12.0;12.7;NA;NA;NA;NA;1.74;NA;B;C;NÃO
Utilitário Esportivo Compacto;HYUNDAI;CRETA;Platinum;1.0-12V T;Combustão;A-6;S;E;F;31;120;4;A;0;108;NA;8.4;9.0;12.0;12.7;NA;NA;NA;NA;1.74;NA;B;C;NÃO
Utilitário Esportivo Compacto;HYUNDAI;CRETA;N Line;1.0-12V T;Combustão;A-6;S;E;F;31;120;4;A;0;108;NA;8.4;9.0;12.0;12.7;NA;NA;NA;NA;1.74;NA;B;C;NÃO
Utilitário Esportivo Compacto;HYUNDAI;CRETA;Ultimate;1.6-16V T;Combustão;DCT-7;S;E;F;32;186;1;A;0;107;NA;8.3;9.1;11.8;13.4;NA;NA;NA;NA;1.73;NA;B;C;NÃO
Utilitário Esportivo Compacto;HYUNDAI;CRETA;N-line;1.6-16V T;Combustão;DCT-7;S;E;F;40;211;4;B;0;106;NA;8.2;9.4;11.7;13.8;NA;NA;NA;NA;1.72;NA;B;C;NÃO
Utilitário Esportivo Compacto;JEEP;AVENGER;LIMITED HYB;1.0T-12V;Híbrido;CVT-7;S;E;F;31;296;4;B;0;102;NA;8.8;9.4;12.7;13.5;NA;NA;NA;NA;1.64;NA;A;C;NÃO
Utilitário Esportivo Compacto;JEEP;AVENGER;ALTIT HYB;1.0T-12V;Híbrido;CVT-7;S;E;F;31;296;4;B;0;102;NA;8.8;9.4;12.7;13.5;NA;NA;NA;NA;1.64;NA;A;C;NÃO
Utilitário Esportivo Compacto;JEEP;AVENGER;LONGT HYB;1.0T-12V;Híbrido;CVT-7;S;E;F;31;296;4;B;0;102;NA;8.8;9.4;12.7;13.5;NA;NA;NA;NA;2.64;NA;A;C;NÃO
Utilitário Esportivo Compacto;JEEP;RENEGADE;ALTIT HYB;1.3T-16V;Híbrido;A-6;S;E;F;26;219;3;B;0;113;NA;8.3;8.6;11.9;11.8;NA;NA;NA;NA;1.80;NA;C;C;NÃO
Utilitário Esportivo Compacto;JEEP;RENEGADE;ALTIT T270;1.3T-16V;Combustão;A-6;S;E;F;35;172;6;B;0;115;NA;7.8;8.9;11.1;12.4;NA;NA;NA;NA;1.84;NA;C;C;NÃO
Utilitário Esportivo Compacto;JEEP;RENEGADE;ALTIT T270 (MY27);1.3T-16V;Combustão;A-6;S;E;F;33;188;5;B;0;118;NA;7.6;8.6;10.9;12.0;NA;NA;NA;NA;1.90;NA;D;C;NÃO
Utilitário Esportivo Compacto;JEEP;RENEGADE;LGTD T270;1.3T-16V;Combustão;A-6;S;E;F;35;172;6;B;0;115;NA;7.8;8.9;11.1;12.4;NA;NA;NA;NA;1.84;NA;C;C;NÃO
Utilitário Esportivo Compacto;JEEP;RENEGADE;LONGIT HYB;1.3T-16V;Híbrido;A-6;S;E;F;26;219;3;B;0;113;NA;8.3;8.6;11.9;11.8;NA;NA;NA;NA;1.80;NA;C;C;NÃO
Utilitário Esportivo Compacto;JEEP;RENEGADE;SAHARA;1.3T-16V;Combustão;A-6;S;E;F;35;172;6;B;0;115;NA;7.8;8.9;11.1;12.4;NA;NA;NA;NA;1.84;NA;C;C;NÃO
Utilitário Esportivo Compacto;JEEP;RENEGADE;SAHARA HYB;1.3T-16V;Híbrido;A-6;S;E;F;26;219;3;B;0;113;NA;8.3;8.6;11.9;11.8;NA;NA;NA;NA;1.80;NA;C;C;NÃO
Utilitário Esportivo Compacto;JEEP;RENEGADE;SPORT FLEX (MY27);1.3T-16V;Combustão;A-6;S;E;F;33;188;5;B;0;118;NA;7.6;8.6;10.9;12.0;NA;NA;NA;NA;1.90;NA;D;C;NÃO
Utilitário Esportivo Compacto;JEEP;RENEGADE;SPORT T270 (MY27);1.3T-16V;Combustão;A-6;S;E;F;33;188;5;B;0;118;NA;7.6;8.6;10.9;12.0;NA;NA;NA;NA;1.90;NA;D;C;NÃO
Utilitário Esportivo Compacto;JEEP;RENEGADE;SPT T FLEX;1.3T-16V;Combustão;A-6;S;E;F;35;172;6;B;0;115;NA;7.8;8.9;11.1;12.4;NA;NA;NA;NA;1.84;NA;C;C;NÃO
Utilitário Esportivo Compacto;JEEP;RENEGADE;SPT TURBO;1.3T-16V;Combustão;A-6;S;E;F;35;172;6;B;0;115;NA;7.8;8.9;11.1;12.4;NA;NA;NA;NA;1.84;NA;C;C;NÃO
Utilitário Esportivo Compacto;NISSAN;Kicks;SENSE AT;1.0 12V;Combustão;DCT;S;E;F;32;351;2;B;0;105;NA;8.3;9.9;11.7;14.3;NA;NA;NA;NA;1.69;NA;B;C;NÃO
Utilitário Esportivo Compacto;NISSAN;Kicks;ADVANCE AT;1.0 12V;Combustão;DCT;S;E;F;32;351;2;B;0;105;NA;8.3;9.9;11.7;14.3;NA;NA;NA;NA;1.69;NA;B;C;NÃO
Utilitário Esportivo Compacto;NISSAN;Kicks;EXCLUSIV AT;1.0 12V;Combustão;DCT;S;E;F;32;351;2;B;0;105;NA;8.3;9.9;11.7;14.3;NA;NA;NA;NA;1.69;NA;B;C;NÃO
Utilitário Esportivo Compacto;NISSAN;Kicks;PLATINUM AT;1.0 12V;Combustão;DCT;S;E;F;32;351;2;B;0;105;NA;8.3;9.9;11.7;14.3;NA;NA;NA;NA;1.69;NA;B;C;NÃO
Utilitário Esportivo Compacto;NISSAN;Kait;SENSE;1.6-16V;Combustão;CVT;S;E;F;25;145;1;A;0;109;NA;7.8;9.4;11.3;13.7;NA;NA;NA;NA;1.77;NA;C;C;NÃO
Utilitário Esportivo Compacto;NISSAN;Kait;ADVANCE;1.6-16V;Combustão;CVT;S;E;F;25;145;1;A;0;109;NA;7.8;9.4;11.3;13.7;NA;NA;NA;NA;1.77;NA;C;C;NÃO
Utilitário Esportivo Compacto;NISSAN;Kait;EXCLUSIVE;1.6-16V;Combustão;CVT;S;E;F;23;165;2;A;0;115;NA;7.5;8.7;11.0;12.5;NA;NA;NA;NA;1.87;NA;D;C;NÃO
Utilitário Esportivo Compacto;NISSAN;Kait;SENSE B CVT;1.6-16V;Combustão;CVT;S;E;F;25;145;1;A;0;109;NA;7.8;9.4;11.3;13.7;NA;NA;NA;NA;1.77;NA;C;C;NÃO
Utilitário Esportivo Compacto;NISSAN;Kait;ACTIVE CVT;1.6-16V;Combustão;CVT;S;E;F;25;145;1;A;0;109;NA;7.8;9.4;11.3;13.7;NA;NA;NA;NA;1.77;NA;C;C;NÃO
Utilitário Esportivo Compacto;NISSAN;Kait;ADV B CVT;1.6-16V;Combustão;CVT;S;E;F;25;145;1;A;0;109;NA;7.8;9.4;11.3;13.7;NA;NA;NA;NA;1.77;NA;C;C;NÃO
Utilitário Esportivo Compacto;PEUGEOT;2008;ACT T200;1.0T-12V;Combustão;CVT-7;S;E;F;33;511;5;B;0;103;NA;8.5;9.8;12.0;14.1;NA;NA;NA;NA;1.66;NA;A;C;NÃO
Utilitário Esportivo Compacto;PEUGEOT;2008;ALLU T200;1.0T-12V;Combustão;CVT-7;S;E;F;33;511;5;B;0;103;NA;8.5;9.8;12.0;14.1;NA;NA;NA;NA;1.66;NA;A;C;NÃO
Utilitário Esportivo Compacto;PEUGEOT;2008;GT T200;1.0T-12V;Combustão;CVT-7;S;E;F;33;511;5;B;0;103;NA;8.5;9.8;12.0;14.1;NA;NA;NA;NA;1.66;NA;A;C;NÃO
Utilitário Esportivo Compacto;PEUGEOT;2008;GT HYBRID;1.0T-12V;Híbrido;CVT-7;S;E;F;40;380;4;B;0;99;NA;9.0;9.6;13.0;13.7;NA;NA;NA;NA;1.61;NA;A;C;NÃO
Utilitário Esportivo Compacto;RENAULT;KWID;ZEN 2;1.0-12V;Combustão;M-5;S;E-H;F;49;362;2;B;0;88;NA;10.4;10.7;14.4;15.4;NA;NA;NA;NA;1.41;NA;A;B;SIM
Utilitário Esportivo Compacto;RENAULT;KWID;INTENSE 2;1.0-12V;Combustão;M-5;S;E-H;F;49;362;2;B;0;88;NA;10.4;10.7;14.4;15.4;NA;NA;NA;NA;1.41;NA;A;B;SIM
Utilitário Esportivo Compacto;RENAULT;KWID;OUTSIDER 2;1.0-12V;Combustão;M-5;S;E-H;F;49;362;2;B;0;88;NA;10.4;10.7;14.4;15.4;NA;NA;NA;NA;1.41;NA;A;B;SIM
Utilitário Esportivo Compacto;RENAULT;KWID;INTENSE BITON;1.0-12V;Combustão;M-5;S;E-H;F;49;362;2;B;0;88;NA;10.4;10.7;14.4;15.4;NA;NA;NA;NA;1.41;NA;A;B;SIM
Utilitário Esportivo Compacto;RENAULT;KWID;ICONIC 2;1.0-12V;Combustão;M-5;S;E-H;F;49;362;2;B;0;88;NA;10.4;10.7;14.4;15.4;NA;NA;NA;NA;1.41;NA;A;B;SIM
Utilitário Esportivo Compacto;RENAULT;KWID;LIFE 2;1.0-12V;Combustão;M-5;S;E-H;F;49;362;2;B;0;88;NA;10.4;10.7;14.4;15.4;NA;NA;NA;NA;1.41;NA;A;B;SIM
Utilitário Esportivo Compacto;RENAULT;KARDIAN;TECH AT;1.0 12V;Combustão;DCT-6;S;E;F;28;397;2;B;0;100;NA;8.8;9.7;12.8;13.9;NA;NA;NA;NA;1.61;NA;A;C;NÃO
Utilitário Esportivo Compacto;RENAULT;KARDIAN;ICO AT;1.0 12V;Combustão;DCT-6;S;E;F;48;246;3;B;0;102;NA;8.8;9.8;12.2;13.8;NA;NA;NA;NA;1.64;NA;A;C;NÃO
Utilitário Esportivo Compacto;RENAULT;KARDIAN;10T AT;1.0 12V;Combustão;DCT-6;S;E;F;48;246;3;B;0;102;NA;8.8;9.8;12.2;13.8;NA;NA;NA;NA;1.64;NA;A;C;NÃO
Utilitário Esportivo Compacto;RENAULT;KARDIAN;EVO AT;1.0 12V;Combustão;M-6;S;E;F;27;50;3;A;0;98;NA;8.8;10.2;12.7;14.7;NA;NA;NA;NA;1.59;NA;A;C;NÃO
Utilitário Esportivo Compacto;RENAULT;KARDIAN;EVO MT;1.0 12V;Combustão;M-6;S;E;F;27;402;3;B;0;98;NA;8.8;10.2;12.7;14.7;NA;NA;NA;NA;1.59;NA;A;C;NÃO
Utilitário Esportivo Compacto;TOYOTA;YARIS CROSS FLEX;XR FLEX;1.5-16V;Combustão;CVT;S;E;F;10;133;1;A;0;100;NA;8.8;10.2;12.6;14.3;NA;NA;NA;NA;1.60;NA;A;C;NÃO
Utilitário Esportivo Compacto;TOYOTA;YARIS CROSS FLEX;XRE FLEX;1.5-16V;Combustão;CVT;S;E;F;10;133;1;A;0;100;NA;8.8;10.2;12.6;14.3;NA;NA;NA;NA;1.60;NA;A;C;NÃO
Utilitário Esportivo Compacto;TOYOTA;YARIS CROSS FLEX;XRX FLEX;1.5-16V;Combustão;CVT;S;E;F;10;133;1;A;0;100;NA;8.8;10.2;12.6;14.3;NA;NA;NA;NA;1.60;NA;A;C;NÃO
Utilitário Esportivo Compacto;TOYOTA;YARIS CROSS;XRX-HYBRID;1.5-16V;Híbrido;CVT;S;E;F;10;231;1;A;0;77;NA;13.2;10.7;17.9;15.3;NA;NA;NA;NA;1.23;NA;A;B;SIM
Utilitário Esportivo Compacto;TOYOTA;YARIS CROSS;XRE-HYBRID;1.5-16V;Híbrido;CVT;S;E;F;10;231;1;A;0;77;NA;13.2;10.7;17.9;15.3;NA;NA;NA;NA;1.23;NA;A;B;SIM
Utilitário Esportivo Compacto;VW;T CROSS;NA;1.4 - 16V;Combustão;A - 6;S;E;F;18;73;1;A;0;105;NA;8.2;9.9;11.8;14.2;NA;NA;NA;NA;1.69;NA;B;C;NÃO
Utilitário Esportivo Compacto;VW;T CROSS;NA;1.0-12V;Combustão;A - 6;S;E;F;21;95;2;A;0;102;NA;8.5;10.2;12.1;14.5;NA;NA;NA;NA;1.64;NA;A;C;NÃO
Utilitário Esportivo Compacto;VW;T CROSS;NA;1.0-12V;Combustão;A - 8;S;E;F;21;100;3;A;0;100;NA;8.7;10.2;12.5;14.3;NA;NA;NA;NA;1.61;NA;A;C;NÃO
Utilitário Esportivo Compacto;VW;T CROSS;200TSI AUTOMATICO;1.0-12V;Combustão;A - 6;S;E;F;21;95;2;A;0;102;NA;8.5;10.2;12.1;14.5;NA;NA;NA;NA;1.64;NA;A;C;NÃO
Utilitário Esportivo Compacto;VW;T CROSS;200TSI AUTOMATICO;1.0-12V;Combustão;A - 8;S;E;F;21;100;3;A;0;100;NA;8.7;10.2;12.5;14.3;NA;NA;NA;NA;1.61;NA;A;C;NÃO
Utilitário Esportivo Compacto;VW;T CROSS;SENSE 200TSI AUTOMATICO;1.0-12V;Combustão;A - 6;S;E;F;21;95;2;A;0;102;NA;8.5;10.2;12.1;14.5;NA;NA;NA;NA;1.64;NA;A;C;NÃO
Utilitário Esportivo Compacto;VW;T CROSS;SENSE 200TSI AUTOMATICO;1.0-12V;Combustão;A - 8;S;E;F;22;103;2;A;0;96;NA;8.9;10.4;12.9;14.9;NA;NA;NA;NA;1.56;NA;A;C;NÃO
Utilitário Esportivo Compacto;VW;NIVUS;NA;1.0-12V;Combustão;A - 6;S;E;F;20;93;1;A;0;99;NA;8.6;10.3;12.4;14.8;NA;NA;NA;NA;1.61;NA;A;C;NÃO
Utilitário Esportivo Compacto;VW;NIVUS;NA;1.0-12V;Combustão;A - 6;S;E;F;20;93;1;A;0;99;NA;8.6;10.3;12.4;14.8;NA;NA;NA;NA;1.61;NA;A;C;NÃO
Utilitário Esportivo Compacto;VW;T CROSS;NA;1.4 - 16V;Combustão;A - 6;S;E;F;18;73;1;A;0;105;NA;8.2;9.9;11.8;14.2;NA;NA;NA;NA;1.69;NA;B;C;NÃO
Utilitário Esportivo Compacto;VW;NIVUS;GTS 1.4TSI AUTOMÁTICO;1.4-16V;Combustão;A - 6;S;E-H;F;14;60;2;A;0;106;NA;8.1;9.9;11.6;14.2;NA;NA;NA;NA;1.70;NA;B;C;NÃO
Utilitário Esportivo Compacto;VW;TERA;COMFORT TSI;1.0-12V;Combustão;A - 6;S;E;F;19;152;2;A;0;101;NA;8.6;10.3;12.2;14.5;NA;NA;NA;NA;1.62;NA;A;C;NÃO
Utilitário Esportivo Compacto;VW;TERA;HIGH TSI;1.0-12V;Combustão;A - 6;S;E;F;19;152;2;A;0;101;NA;8.6;10.3;12.2;14.5;NA;NA;NA;NA;1.62;NA;A;C;NÃO
Utilitário Esportivo Compacto;VW;TERA;TSI;1.0-12V;Combustão;M - 5;S;E;F;16;158;1;A;0;97;NA;9.0;10.3;12.9;15.0;NA;NA;NA;NA;1.56;NA;A;C;NÃO
Utilitário Esportivo Compacto 4x4;VOLVO;EX30;CROSSC PLUS;Elétrico;Elétrico;A-1;S;E;E;NA;0;0;A;NA;0;NA;NA;NA;NA;NA;37.8;31.8;NA;NA;0.58;333;A;A;NÃO
Utilitário Esportivo Compacto 4x4;VOLVO;EX30;C COUNTRY;Elétrico;Elétrico;A-1;S;E;E;NA;0;0;A;NA;0;NA;NA;NA;NA;NA;37.3;33.4;NA;NA;0.57;327;A;A;NÃO
Utilitário Esportivo Grande;BMW;X1;S20i X Line;2.0 - 16V;Combustão;A-7;S;E;G;9;237;1;A;NA;117;NA;NA;NA;10.3;13.5;NA;NA;NA;NA;1.90;NA;B;C;NÃO
Utilitário Esportivo Grande;BMW;X1;S20i M Sport;2.0 - 16V;Combustão;A-7;S;E;G;8;225;0;A;NA;118;NA;NA;NA;10.2;13.2;NA;NA;NA;NA;1.91;NA;B;C;NÃO
Utilitário Esportivo Grande;BMW;X1;S20i GP;2.0 - 16V;Combustão;A-7;S;E;G;9;237;1;A;NA;117;NA;NA;NA;10.3;13.5;NA;NA;NA;NA;1.90;NA;B;C;NÃO
Utilitário Esportivo Grande;BMW;X2;xDrive20i MSP;2.0 - 16V;Combustão;A-7;S;E;G;9;222;1;A;NA;121;NA;NA;NA;9.9;13.1;NA;NA;NA;NA;1.97;NA;C;C;NÃO
Utilitário Esportivo Grande;BYD;YUAN PLUS;GL310 EV;Elétrico;Elétrico;NA;S;E;E;0;0;0;A;NA;0;NA;NA;NA;NA;NA;39.8;33.1;NA;NA;0.56;294;A;A;NÃO
Utilitário Esportivo Grande;BYD;YUAN PLUS;GS310 EV;Elétrico;Elétrico;NA;S;E;E;0;0;0;A;NA;0;NA;NA;NA;NA;NA;39.8;33.1;NA;NA;0.56;294;A;A;NÃO
Utilitário Esportivo Grande;CAOA CHANGAN;Uni-T;INFINITY (LEV4);1.5 - 16V;Combustão;DCT-7;S;E;F;26;74;2;A;0;119;NA;7.1;8.6;10.5;12.4;NA;NA;NA;NA;1.95;NA;C;C;NÃO
Utilitário Esportivo Grande;CAOA CHERY;TIGGO 7;PRO 16TA;1.6T - 16V;Combustão;DCT-7;S;E;G;33;127;1;A;NA;116;NA;NA;NA;10.5;13.3;NA;NA;NA;NA;1.88;NA;B;C;NÃO
Utilitário Esportivo Grande;CAOA CHERY;TIGGO 7;PRO HA;1.5T -16V;Híbrido;CVT;S;E;F;25;133;0;A;0;118;NA;7.8;8.3;11.1;11.6;NA;NA;NA;NA;1.90;NA;B;C;NÃO
Utilitário Esportivo Grande;CAOA CHERY;TIGGO 7;SPORT;1.5T -16V;Combustão;CVT 9;S;E;F;29;146;1;A;0;119;NA;6.7;8.6;10.4;12.6;NA;NA;NA;NA;1.99;NA;C;C;NÃO
Utilitário Esportivo Grande;CAOA CHERY;TIGGO 8;16TA;1.6T - 16V;Combustão;DCT-7;S;E;G;28;131;1;A;NA;123;NA;NA;NA;10.0;12.5;NA;NA;NA;NA;1.99;NA;C;C;NÃO
Utilitário Esportivo Grande;CAOA CHERY;TIGGO 8;PHEV;1.5T - 16V;Plug-in;DHT;S;E;G;8;69;1;A;NA;115;20;NA;NA;11.8;11.3;33.6;27.7;NA;NA;0.66;56;A;A;SIM
Utilitário Esportivo Grande;GAC;GS3;ELITE;1.5-16V;Combustão;DCT-7;S;E;G;35;228;1;A;NA;125;NA;NA;NA;10.2;11.6;NA;NA;NA;NA;2.02;NA;D;C;NÃO
Utilitário Esportivo Grande;GAC;GS3;ELITE PLUS;1.5-16V;Combustão;DCT-7;S;E;G;35;228;1;A;NA;125;NA;NA;NA;10.2;11.6;NA;NA;NA;NA;2.02;NA;D;C;NÃO
Utilitário Esportivo Grande;GAC;GS4;PREMIUM;2.0-16V;Híbrido;DHT-2;S;E;G;24;117;1;A;NA;101;NA;NA;NA;14.1;11.8;NA;NA;NA;NA;1.64;NA;A;C;NÃO
Utilitário Esportivo Grande;GAC;GS4;ELITE;2.0-16V;Híbrido;DHT-2;S;E;G;24;117;1;A;NA;101;NA;NA;NA;14.1;11.8;NA;NA;NA;NA;1.64;NA;A;C;NÃO
Utilitário Esportivo Grande;GWM;HAVAL H6;HEV ONE (MY26);1.5-16V;Híbrido;DHT - 2;S;E;G;32;126;1;A;NA;100;NA;NA;NA;14.7;11.4;NA;NA;NA;NA;1.63;NA;A;C;NÃO
Utilitário Esportivo Grande;GWM;HAVAL H6;HEV2 (MY26);1.5-16V;Híbrido;DHT - 2;S;E;G;32;126;1;A;NA;100;NA;NA;NA;14.7;11.4;NA;NA;NA;NA;1.63;NA;A;C;NÃO
Utilitário Esportivo Grande;GWM;HAVAL H6;PHEV19 (MY26);1.5-16V;Plug-in;DHT - 2;S;E;G;35;35;2;A;NA;104;13;NA;NA;13.5;11.9;35.0;28.5;NA;NA;0.64;73;A;A;SIM
Utilitário Esportivo Grande;GWM;HAVAL H6;PHEV35 (MY26);1.5-16V;Plug-in;DHT - 2;S;E;G;29;18;1;A;NA;116;7;NA;NA;12.0;10.9;29.3;25.3;NA;NA;0.74;119;A;A;SIM
Utilitário Esportivo Grande;GWM;HAVAL H6;GT (MY26);1.5-16V;Plug-in;DHT - 2;S;E;G;36;23;2;A;NA;115;7;NA;NA;12.6;10.5;30.1;24.9;NA;NA;0.74;119;A;A;SIM
Utilitário Esportivo Grande;GWM;HAVAL H6;HEV ESP;1.5-16V;Híbrido;DHT - 2;S;E;G;32;126;1;A;NA;100;NA;NA;NA;14.7;11.4;NA;NA;NA;NA;1.63;NA;A;C;NÃO
Utilitário Esportivo Grande;GWM;HAVAL H6;PHEV19 FF;1.5 - 16V;Plug-in;DHT - 2;S;E;F;24;14;2;A;0;95;11;10.0;8.9;14.7;12.9;37.7;30.6;25.8;21.0;0.60;77;A;A;SIM
Utilitário Esportivo Grande;GWM;HAVAL H6;PHEV35 FF;1.5 - 16V;Plug-in;DHT-4;S;E;F;26;6;3;A;0;115;6;9.2;7.4;12.5;10.7;30.7;26.1;22.8;18.1;0.70;126;A;A;SIM
Utilitário Esportivo Grande;GWM;HAVAL H6;GT FF;1.5 - 16V;Plug-in;DHT-4;S;E;F;26;6;3;A;0;115;6;9.2;7.4;12.5;10.7;30.7;26.1;22.8;18.1;0.70;126;A;A;SIM
Utilitário Esportivo Grande;GWM;HAVAL H6;HEV1 FLEX;1.5-16V;Híbrido;DHT-1A - 2;S;E;F;26;85;3;A;0;90;NA;10.2;9.0;15.8;13.0;NA;NA;7.7;6.9;1.49;NA;A;B;SIM
Utilitário Esportivo Grande;GWM;HAVAL H6;HEV2 FLEX;1.5-16V;Híbrido;DHT-1A - 2;S;E;F;26;85;3;A;0;90;NA;10.2;9.0;15.8;13.0;NA;NA;7.7;6.9;1.49;NA;A;B;SIM
Utilitário Esportivo Grande;GWM;WEY;NA;1.5 - 16V;Plug-in;A-4;S;E;G;36;21;2;A;NA;134;7;NA;NA;10.8;9.1;25.9;22.8;NA;NA;0.83;128;A;A;SIM
Utilitário Esportivo Grande;GWM;WEY;07 DARK ED.;1.5 - 16V;Plug-in;DHT-4;S;E;G;36;21;2;A;NA;134;7;NA;NA;10.8;9.1;25.9;22.8;NA;NA;0.83;128;A;A;SIM
Utilitário Esportivo Grande;HONDA;CR-V;TOURING;2.0-16V;Híbrido;CVT;S;E;G;12;79;0;A;NA;102;NA;NA;NA;14.1;11.8;NA;NA;NA;NA;1.65;NA;A;C;NÃO
Utilitário Esportivo Grande;JEEP;COMMANDER;LMTD HYB;1.3T-16V;Híbrido;A-6;S;E;F;35;229;4;B;0;121;NA;7.6;8.1;11.0;11.2;NA;NA;NA;NA;1.94;NA;C;C;NÃO
Utilitário Esportivo Grande;JEEP;COMMANDER;OVER HYB;1.3T-16V;Híbrido;A-6;S;E;F;35;229;4;B;0;121;NA;7.6;8.1;11.0;11.2;NA;NA;NA;NA;1.94;NA;C;C;NÃO
Utilitário Esportivo Grande;JEEP;COMPASS;LIMITED T;1.3T-16V;Combustão;A-6;S;E;F;32;179;6;B;0;124;NA;7.3;8.6;10.1;12.1;NA;NA;NA;NA;1.97;NA;C;C;NÃO
Utilitário Esportivo Grande;JEEP;COMPASS;LONGITUDE T;1.3T-16V;Combustão;A-6;S;E;F;32;179;6;B;0;124;NA;7.3;8.6;10.1;12.1;NA;NA;NA;NA;1.97;NA;C;C;NÃO
Utilitário Esportivo Grande;JEEP;COMPASS;SERIE S T;1.3T-16V;Combustão;A-6;S;E;F;32;179;6;B;0;124;NA;7.3;8.6;10.1;12.1;NA;NA;NA;NA;1.97;NA;C;C;NÃO
Utilitário Esportivo Grande;JEEP;COMPASS;SPORT T;1.3T-16V;Combustão;A-6;S;E;F;32;179;6;B;0;124;NA;7.3;8.6;10.1;12.1;NA;NA;NA;NA;1.97;NA;C;C;NÃO
Utilitário Esportivo Grande;JETOUR;T1 I-DM;ADVANCE;1.5-16V;Plug-in;A-1;S;E;G;5;35;1;A;NA;101;8;NA;NA;13.6;12.2;34.7;26.8;NA;NA;0.66;88;A;A;SIM
Utilitário Esportivo Grande;JETOUR;T1 I-DM;PREMIUM;1.5-16V;Plug-in;A-1;S;E;G;5;35;1;A;NA;101;8;NA;NA;13.6;12.2;34.7;26.8;NA;NA;0.66;88;A;A;SIM
Utilitário Esportivo Grande;JETOUR;T2 I-DM;ADVANCE;1.5-16V;Plug-in;A-1;S;E;G;5;48;1;A;NA;122;15;NA;NA;11.4;10.5;27.6;23.4;NA;NA;0.80;75;A;A;SIM
Utilitário Esportivo Grande;JETOUR;T2 I-DM;PREMIUM;1.5-16V;Plug-in;A-1;S;E;G;5;48;1;A;NA;122;15;NA;NA;11.4;10.5;27.6;23.4;NA;NA;0.80;75;A;A;SIM
Utilitário Esportivo Grande;KIA;SPORTAGE;TMHEV EX;1.6 - 16V;Híbrido;DCT-7;S;E;G;35;175;0;A;NA;103;NA;NA;NA;12.5;13.2;NA;NA;NA;NA;1.68;NA;A;C;NÃO
Utilitário Esportivo Grande;KIA;SPORTAGE;TMHEV LX;1.6 - 16V;Híbrido;DCT-7;S;E;G;35;175;0;A;NA;103;NA;NA;NA;12.5;13.2;NA;NA;NA;NA;1.68;NA;A;C;NÃO
Utilitário Esportivo Grande;KIA;SPORTAGE;TMHEV SX;1.6 - 16V;Híbrido;DCT-7;S;E;G;35;175;0;A;NA;103;NA;NA;NA;12.5;13.2;NA;NA;NA;NA;1.68;NA;A;C;NÃO
Utilitário Esportivo Grande;KIA;SPORTAGE;TMHEV GT;1.6 - 16V;Híbrido;DCT-7;S;E;G;35;175;0;A;NA;103;NA;NA;NA;12.5;13.2;NA;NA;NA;NA;1.68;NA;A;C;NÃO
Utilitário Esportivo Grande;KIA;SPORTAGE;TMHEV EXP;1.6 - 16V;Híbrido;DCT-7;S;E;G;35;175;0;A;NA;103;NA;NA;NA;12.5;13.2;NA;NA;NA;NA;1.68;NA;A;C;NÃO
Utilitário Esportivo Grande;MITSUBISHI;Eclipse Cross;RUSH;1.5T-16V;Combustão;CVT;S;E;G;19;169;0;A;NA;126;21;NA;NA;10.3;11.3;NA;NA;NA;NA;2.03;NA;D;C;NÃO
Utilitário Esportivo Grande;MITSUBISHI;Eclipse Cross;HPE;1.5T-16V;Combustão;CVT;S;E;G;19;169;0;A;NA;126;21;NA;NA;10.3;11.3;NA;NA;NA;NA;2.03;NA;D;C;NÃO
Utilitário Esportivo Grande;MITSUBISHI;Eclipse Cross;HPE BLACK;1.5T-16V;Combustão;CVT;S;E;G;19;169;0;A;NA;126;21;NA;NA;10.3;11.3;NA;NA;NA;NA;2.03;NA;D;C;NÃO
Utilitário Esportivo Grande;MITSUBISHI;Eclipse Cross;HPE-S;1.5T-16V;Combustão;CVT;S;E;G;19;169;0;A;NA;126;21;NA;NA;10.3;11.3;NA;NA;NA;NA;2.03;NA;D;C;NÃO
Utilitário Esportivo Grande;RENAULT;DUSTER;DUSTER ICO16 CVT;1.6-16V;Combustão;CVT;S;E;F;59;406;3;C;0;121;NA;7.5;8.3;10.8;11.4;NA;NA;NA;NA;1.94;NA;C;C;NÃO
Utilitário Esportivo Grande;RENAULT;DUSTER;DUSTER ICOP CVT;1.6-16V;Combustão;CVT;S;E;F;59;406;3;C;0;121;NA;7.5;8.3;10.8;11.4;NA;NA;NA;NA;1.94;NA;C;C;NÃO
Utilitário Esportivo Grande;RENAULT;DUSTER;DUSTERINT16 CVT;1.6-16V;Combustão;CVT;S;E;F;59;406;3;C;0;121;NA;7.5;8.3;10.8;11.4;NA;NA;NA;NA;1.94;NA;C;C;NÃO
Utilitário Esportivo Grande;RENAULT;DUSTER;DUSTER INTP CVT;1.6-16V;Combustão;CVT;S;E;F;59;406;3;C;0;121;NA;7.5;8.3;10.8;11.4;NA;NA;NA;NA;1.94;NA;C;C;NÃO
Utilitário Esportivo Grande;RENAULT;DUSTER;DUSTER LIF16 CVT;1.6-16V;Combustão;CVT;S;E;F;59;406;3;C;0;121;NA;7.5;8.3;10.8;11.4;NA;NA;NA;NA;1.94;NA;C;C;NÃO
Utilitário Esportivo Grande;RENAULT;DUSTER;DUSTER ZEN16 CVT;1.6-16V;Combustão;CVT;S;E;F;59;406;3;C;0;121;NA;7.5;8.3;10.8;11.4;NA;NA;NA;NA;1.94;NA;C;C;NÃO
Utilitário Esportivo Grande;RENAULT;DUSTER;DUSTER INT 16;1.6-16V;Combustão;M-5;S;E;F;44;654;2;C;0;115;NA;7.6;8.4;11.2;12.3;NA;NA;NA;NA;1.88;NA;B;C;NÃO
Utilitário Esportivo Grande;RENAULT;DUSTER;DUSTER INTP MT;1.6-16V;Combustão;M-5;S;E;F;44;654;2;C;0;115;NA;7.6;8.4;11.2;12.3;NA;NA;NA;NA;1.88;NA;B;C;NÃO
Utilitário Esportivo Grande;RENAULT;DUSTER;DUSTER ZEN 16;1.6-16V;Combustão;M-5;S;E;F;44;654;2;C;0;115;NA;7.6;8.4;11.2;12.3;NA;NA;NA;NA;1.88;NA;B;C;NÃO
Utilitário Esportivo Grande;RENAULT;DUSTER;DUSTER ICO TCE;1.3-16V;Combustão;CVT;S;E;F;20;201;2;A;0;117;NA;7.5;8.6;10.9;12.3;NA;NA;NA;NA;1.89;NA;B;C;NÃO
Utilitário Esportivo Grande;RENAULT;DUSTER;DUSTER ICOUT TCE;1.3-16V;Combustão;CVT;S;E;F;20;201;2;A;0;117;NA;7.5;8.6;10.9;12.3;NA;NA;NA;NA;1.89;NA;B;C;NÃO
Utilitário Esportivo Grande;RENAULT;DUSTER;DUSTER ZEN13TCE;1.3-16V;Combustão;CVT;S;E;F;20;201;2;A;0;117;NA;7.5;8.6;10.9;12.3;NA;NA;NA;NA;1.89;NA;B;C;NÃO
Utilitário Esportivo Grande;RENAULT;BOREAL;EVO;1.3-16V;Combustão;DCT-6;S;E;F;33;298;3;B;0;110;NA;7.8;9.4;11.2;13.6;NA;NA;NA;NA;1.79;NA;A;C;NÃO
Utilitário Esportivo Grande;RENAULT;BOREAL;TECH;1.3-16V;Combustão;DCT-6;S;E;F;33;298;3;B;0;110;NA;7.8;9.4;11.2;13.6;NA;NA;NA;NA;1.79;NA;A;C;NÃO
Utilitário Esportivo Grande;RENAULT;BOREAL;ICO;1.3-16V;Combustão;DCT-6;S;E;F;33;298;3;B;0;110;NA;7.8;9.4;11.2;13.6;NA;NA;NA;NA;1.79;NA;A;C;NÃO
Utilitário Esportivo Grande;VOLVO;EX40;6 CORE;Elétrico;Elétrico;A-1;S;E;E;NA;0;0;A;NA;0;NA;NA;NA;NA;NA;39.4;34.3;NA;NA;0.55;364;A;A;NÃO
Utilitário Esportivo Grande;VOLVO;EX40;6 PLUS;Elétrico;Elétrico;A-1;S;E;E;NA;0;0;A;NA;0;NA;NA;NA;NA;NA;39.4;34.3;NA;NA;0.55;364;A;A;NÃO
Utilitário Esportivo Grande;VOLVO;EX40;6 ULTRA;Elétrico;Elétrico;A-1;S;E;E;NA;0;0;A;NA;0;NA;NA;NA;NA;NA;39.4;34.3;NA;NA;0.55;364;A;A;NÃO
Utilitário Esportivo Grande;VW;TAOS;NA;1.4 - 16V;Combustão;A - 8;S;E;F;14;66;2;A;0;112;NA;7.7;9.3;11.1;13.3;NA;NA;NA;NA;1.81;NA;A;C;NÃO
Utilitário Esportivo Grande;VW;TAOS;NA;1.4 - 16V;Combustão;A - 8;S;E;F;14;66;2;A;0;112;NA;7.7;9.3;11.1;13.3;NA;NA;NA;NA;1.81;NA;A;C;NÃO
Utilitário Esportivo Grande;ZEEKR;X;Premium;Elétrico;Elétrico;A;S;E;E;NA;NA;NA;A;NA;NA;NA;NA;NA;NA;NA;39.5;34.7;NA;NA;0.55;332;A;A;NÃO
Utilitário Esportivo Grande 4x4;BMW;X3;M50i;3.0 - 24V;Híbrido;A-8;S;E;G;8;146;1;A;NA;133;NA;NA;NA;9.6;10.9;NA;NA;NA;NA;2.16;NA;C;D;NÃO
Utilitário Esportivo Grande 4x4;BMW;X3;30 XDRIVE;2.0 - 16V;Híbrido;A-8;S;E;G;3;309;0;A;NA;121;NA;NA;NA;10.4;12.2;NA;NA;NA;NA;1.96;NA;C;C;NÃO
Utilitário Esportivo Grande 4x4;BMW;X5;xDrive50e MSP;3.0 - 24V;Plug-in;A-8;S;E;G;8;21;0;A;NA;143;16;NA;NA;9.2;9.9;22.8;23.4;NA;NA;0.88;76;A;A;SIM
Utilitário Esportivo Grande 4x4;BMW;X5;xDrive50e XLINE;3.0 - 24V;Plug-in;A-8;S;E;G;8;21;0;A;NA;143;16;NA;NA;9.2;9.9;22.8;23.4;NA;NA;0.88;76;A;A;SIM
Utilitário Esportivo Grande 4x4;BMW;X6;xDrive40i MSP;3.0 - 24V;Híbrido;A-8;S;E;G;7;99;1;A;NA;144;NA;NA;NA;9.0;10.1;NA;NA;NA;NA;2.33;NA;C;D;NÃO
Utilitário Esportivo Grande 4x4;BMW;X6;40I MSP DARK ED;3.0 - 24V;Híbrido;A-8;S;E;G;7;99;1;A;NA;144;NA;NA;NA;9.0;10.1;NA;NA;NA;NA;2.33;NA;C;D;NÃO
Utilitário Esportivo Grande 4x4;BMW;X7;xDrive40i;3.0 - 24V;Híbrido;A-8;S;E;G;8;247;1;A;NA;164;NA;NA;NA;8.0;8.7;NA;NA;NA;NA;2.66;NA;D;E;NÃO
Utilitário Esportivo Grande 4x4;GAC;GS9;ULTRA;1.5-16V;Plug-in;A-1;S;E;G;2;5;1;A;NA;129;8;NA;NA;10.3;10.6;26.8;27.9;NA;NA;0.74;114;A;A;SIM
Utilitário Esportivo Grande 4x4;HYUNDAI;PALISADE;Signature;3.8-24V;Combustão;A-8;S;E;G;31;295;0;B;NA;179;NA;NA;NA;6.8;9.3;NA;NA;NA;NA;2.90;NA;D;E;NÃO
Utilitário Esportivo Grande 4x4;JETOUR;T2 I-DM;PRM 4X4;1.5-16V;Plug-in;A-3;S;E;G;3;15;1;A;NA;135;9;NA;NA;10.5;9.3;26.1;22.1;NA;NA;0.84;106;A;A;SIM
Utilitário Esportivo Grande 4x4;MERCEDES-BENZ;GLC300 4M;NA;2.0-16V;Híbrido;A-9;S;E;G;20;104;0;A;NA;134;NA;NA;NA;9.5;11.8;NA;NA;NA;NA;2.11;NA;C;D;NÃO
Utilitário Esportivo Grande 4x4;MERCEDES-BENZ;GLC300 4M;CO;2.0-16V;Híbrido;A-9;S;E;G;20;104;0;A;NA;134;NA;NA;NA;9.5;11.8;NA;NA;NA;NA;2.11;NA;C;D;NÃO
Utilitário Esportivo Grande 4x4;MERCEDES-BENZ;GLE450D;AMGL;3.0-24V;Híbrido;A-9;S;E;D;13;88;0;A;NA;NA;NA;NA;NA;10.6;13.0;NA;NA;NA;NA;2.32;NA;C;D;NÃO
Utilitário Esportivo Grande 4x4;MERCEDES-BENZ;GLE450D;CO AMGL;3.0-24V;Híbrido;A-9;S;E;D;13;88;0;A;NA;NA;NA;NA;NA;10.6;13.0;NA;NA;NA;NA;2.32;NA;C;D;NÃO
Utilitário Esportivo Grande 4x4;MITSUBISHI;Eclipse Cross;HPE-S S-AWC;1.5T-16V;Combustão;CVT;S;E;G;24;149;0;A;NA;125;21;NA;NA;10.2;11.5;NA;NA;NA;NA;2.03;NA;C;C;NÃO
Utilitário Esportivo Grande 4x4;MITSUBISHI;Eclipse Cross;HPE-S BLACK S-AWC;1.5T-16V;Combustão;CVT;S;E;G;24;149;0;A;NA;125;21;NA;NA;10.2;11.5;NA;NA;NA;NA;2.03;NA;C;C;NÃO
Utilitário Esportivo Grande 4x4;PORSCHE;CAYENNE;GT COUPE;4.0-32V;Combustão;A-8;S;E;G;31;98;3;A;NA;211;NA;NA;NA;5.8;7.9;NA;NA;NA;NA;3.44;NA;E;E;NÃO
Utilitário Esportivo Grande 4x4;PORSCHE;CAYENNE;PHEV;3.0-24V;Plug-in;A-8;S;E;G;9;86;1;A;NA;35;0;NA;NA;7.7;8.1;20.2;18.7;NA;NA;1.04;52;A;B;SIM
Utilitário Esportivo Grande 4x4;PORSCHE;CAYENNE;CP PHE;3.0-24V;Plug-in;A-8;S;E;G;9;86;1;A;NA;35;0;NA;NA;7.7;8.1;20.2;18.7;NA;NA;1.04;52;A;B;SIM
Utilitário Esportivo Grande 4x4;PORSCHE;CAYENNE;CPH BE;3.0-24V;Plug-in;A-8;S;E;G;9;86;1;A;NA;35;0;NA;NA;7.7;8.1;20.2;18.7;NA;NA;1.04;52;A;B;SIM
Utilitário Esportivo Grande 4x4;PORSCHE;CAYENNE;PH BE;3.0-24V;Plug-in;A-8;S;E;G;9;86;1;A;NA;35;0;NA;NA;7.7;8.1;20.2;18.7;NA;NA;1.04;52;A;B;SIM
Utilitário Esportivo Grande 4x4;PORSCHE;CAYENNE;COUPE;3.0-24V;Combustão;A-8;S;E;G;35;84;2;A;NA;183;NA;NA;NA;6.9;8.5;NA;NA;NA;NA;2.98;NA;D;E;NÃO
Utilitário Esportivo Grande 4x4;PORSCHE;CAYENNE;V6;3.0-24V;Combustão;A-8;S;E;G;35;84;2;A;NA;183;NA;NA;NA;6.9;8.5;NA;NA;NA;NA;2.98;NA;D;E;NÃO
Utilitário Esportivo Grande 4x4;PORSCHE;CAYENNE;T PHEV;4.0-32V;Plug-in;A-8;S;E;G;3;42;1;A;NA;24;2;NA;NA;7.4;8.1;20.1;19.9;NA;NA;1.01;57;A;B;SIM
Utilitário Esportivo Grande 4x4;PORSCHE;CAYENNE;TCPHEV;4.0-32V;Plug-in;A-8;S;E;G;3;42;1;A;NA;24;2;NA;NA;7.4;8.1;20.1;19.9;NA;NA;1.01;57;A;B;SIM
Utilitário Esportivo Grande 4x4;PORSCHE;CAYENNE;GTP;4.0-32V;Combustão;A-8;S;E;G;20;123;0;A;NA;206;NA;NA;NA;5.9;8.2;NA;NA;NA;NA;3.34;NA;E;E;NÃO
Utilitário Esportivo Grande 4x4;PORSCHE;CAYENNE;GTS CP;4.0-32V;Combustão;A-8;S;E;G;20;123;0;A;NA;206;NA;NA;NA;5.9;8.2;NA;NA;NA;NA;3.34;NA;E;E;NÃO
Utilitário Esportivo Grande 4x4;PORSCHE;CAYENNE;S;4.0-32V;Combustão;A-8;S;E;G;20;87;1;A;NA;206;NA;NA;NA;5.9;8.2;NA;NA;NA;NA;3.33;NA;E;E;NÃO
Utilitário Esportivo Grande 4x4;PORSCHE;CAYENNE;S CP;4.0-32V;Combustão;A-8;S;E;G;20;87;1;A;NA;206;NA;NA;NA;5.9;8.2;NA;NA;NA;NA;3.33;NA;E;E;NÃO
Utilitário Esportivo Grande 4x4;PORSCHE;CAYENNE;S PHEV;3.0-24V;Plug-in;A-8;S;E;G;5;49;1;A;NA;30;2;NA;NA;7.8;8.4;20.6;21.1;NA;NA;0.98;57;A;B;SIM
Utilitário Esportivo Grande 4x4;PORSCHE;CAYENNE;SCPHEV;3.0-24V;Plug-in;A-8;S;E;G;5;49;1;A;NA;30;2;NA;NA;7.8;8.4;20.6;21.1;NA;NA;0.98;57;A;B;SIM
Utilitário Esportivo Grande 4x4;PORSCHE;CAYENNE;SCPHBE;3.0-24V;Plug-in;A-8;S;E;G;5;49;1;A;NA;30;2;NA;NA;7.8;8.4;20.6;21.1;NA;NA;0.98;57;A;B;SIM
Utilitário Esportivo Grande 4x4;PORSCHE;CAYENNE;SPH BE;3.0-24V;Plug-in;A-8;S;E;G;5;49;1;A;NA;30;2;NA;NA;7.8;8.4;20.6;21.1;NA;NA;0.98;57;A;B;SIM
Utilitário Esportivo Grande 4x4;PORSCHE;CAYENNE;E;Elétrico;Elétrico;NA;S;E;E;NA;NA;NA;A;NA;NA;NA;NA;NA;NA;NA;35.0;29.5;NA;NA;0.63;493;A;A;NÃO
Utilitário Esportivo Grande 4x4;PORSCHE;CAYENNE;E OF;Elétrico;Elétrico;NA;S;E;E;NA;NA;NA;A;NA;NA;NA;NA;NA;NA;NA;35.0;29.5;NA;NA;0.63;493;A;A;NÃO
Utilitário Esportivo Grande 4x4;PORSCHE;CAYENNE;E C;Elétrico;Elétrico;NA;S;E;E;NA;NA;NA;A;NA;NA;NA;NA;NA;NA;NA;35.0;29.5;NA;NA;0.63;493;A;A;NÃO
Utilitário Esportivo Grande 4x4;PORSCHE;CAYENNE;E CO;Elétrico;Elétrico;NA;S;E;E;NA;NA;NA;A;NA;NA;NA;NA;NA;NA;NA;35.0;29.5;NA;NA;0.63;493;A;A;NÃO
Utilitário Esportivo Grande 4x4;PORSCHE;CAYENNE;ET;Elétrico;Elétrico;NA;S;E;E;NA;NA;NA;A;NA;NA;NA;NA;NA;NA;NA;34.3;29.1;NA;NA;0.64;481;A;A;NÃO
Utilitário Esportivo Grande 4x4;PORSCHE;CAYENNE;ET C;Elétrico;Elétrico;NA;S;E;E;NA;NA;NA;A;NA;NA;NA;NA;NA;NA;NA;34.3;29.1;NA;NA;0.64;481;A;A;NÃO
Utilitário Esportivo Grande 4x4;PORSCHE;CAYENNE;ET OF;Elétrico;Elétrico;NA;S;E;E;NA;NA;NA;A;NA;NA;NA;NA;NA;NA;NA;34.3;29.1;NA;NA;0.64;481;A;A;NÃO
Utilitário Esportivo Grande 4x4;PORSCHE;CAYENNE;ET CO;Elétrico;Elétrico;NA;S;E;E;NA;NA;NA;A;NA;NA;NA;NA;NA;NA;NA;34.3;29.1;NA;NA;0.64;481;A;A;NÃO
Utilitário Esportivo Grande 4x4;VOLVO;XC60;INSC EXPRESS;2.0-16V;Plug-in;A;S;E;G;2;57;1;A;NA;32;0;NA;NA;9.5;9.4;24.4;22.5;NA;NA;0.86;48;A;A;SIM
Utilitário Esportivo Grande 4x4;VOLVO;XC60;T8 CORE;2.0-16V;Plug-in;A;S;E;G;2;57;1;A;NA;32;0;NA;NA;9.5;9.4;24.4;22.5;NA;NA;0.86;48;A;A;SIM
Utilitário Esportivo Grande 4x4;VOLVO;XC60;T8 INSCRIPT;2.0-16V;Plug-in;A;S;E;G;2;57;1;A;NA;32;0;NA;NA;9.5;9.4;24.4;22.5;NA;NA;0.86;48;A;A;SIM
Utilitário Esportivo Grande 4x4;VOLVO;XC60;T8 MOMENTUM;2.0-16V;Plug-in;A;S;E;G;2;57;1;A;NA;32;0;NA;NA;9.5;9.4;24.4;22.5;NA;NA;0.86;48;A;A;SIM
Utilitário Esportivo Grande 4x4;VOLVO;XC60;T8 PLUS;2.0-16V;Plug-in;A;S;E;G;2;57;1;A;NA;32;0;NA;NA;9.5;9.4;24.4;22.5;NA;NA;0.86;48;A;A;SIM
Utilitário Esportivo Grande 4x4;VOLVO;XC60;T8 POLESTAR;2.0-16V;Plug-in;A;S;E;G;2;57;1;A;NA;32;0;NA;NA;9.5;9.4;24.4;22.5;NA;NA;0.86;48;A;A;SIM
Utilitário Esportivo Grande 4x4;VOLVO;XC60;T8 R-DESIGN;2.0-16V;Plug-in;A;S;E;G;2;57;1;A;NA;32;0;NA;NA;9.5;9.4;24.4;22.5;NA;NA;0.86;48;A;A;SIM
Utilitário Esportivo Grande 4x4;VOLVO;XC60;T8 ULT DARK;2.0-16V;Plug-in;A;S;E;G;2;57;1;A;NA;32;0;NA;NA;9.5;9.4;24.4;22.5;NA;NA;0.86;48;A;A;SIM
Utilitário Esportivo Grande 4x4;VOLVO;XC60;T8 ULTIMATE;2.0-16V;Plug-in;A;S;E;G;2;57;1;A;NA;32;0;NA;NA;9.5;9.4;24.4;22.5;NA;NA;0.86;48;A;A;SIM
Utilitário Esportivo Grande 4x4;VOLVO;XC60;T8 ULTRA;2.0-16V;Plug-in;A;S;E;G;2;57;1;A;NA;32;0;NA;NA;9.5;9.4;24.4;22.5;NA;NA;0.86;48;A;A;SIM
Utilitário Esportivo Grande 4x4;VOLVO;XC90;INSC EXPRESS;2.0-16V;Plug-in;A;S;E;G;2;58;1;A;NA;34;2;NA;NA;9.4;9.3;24.1;21.9;NA;NA;0.88;47;A;A;SIM
Utilitário Esportivo Grande 4x4;VOLVO;XC90;T8 CORE;2.0-16V;Plug-in;A;S;E;G;2;58;1;A;NA;34;2;NA;NA;9.4;9.3;24.1;21.9;NA;NA;0.88;47;A;A;SIM
Utilitário Esportivo Grande 4x4;VOLVO;XC90;T8 EXCELLEN;2.0-16V;Plug-in;A;S;E;G;2;58;1;A;NA;34;2;NA;NA;9.4;9.3;24.1;21.9;NA;NA;0.88;47;A;A;SIM
Utilitário Esportivo Grande 4x4;VOLVO;XC90;T8 INSCRIPT;2.0-16V;Plug-in;A;S;E;G;2;58;1;A;NA;34;2;NA;NA;9.4;9.3;24.1;21.9;NA;NA;0.88;47;A;A;SIM
Utilitário Esportivo Grande 4x4;VOLVO;XC90;T8 MOMENTUM;2.0-16V;Plug-in;A;S;E;G;2;58;1;A;NA;34;2;NA;NA;9.4;9.3;24.1;21.9;NA;NA;0.88;47;A;A;SIM
Utilitário Esportivo Grande 4x4;VOLVO;XC90;T8 PLUS;2.0-16V;Plug-in;A;S;E;G;2;58;1;A;NA;34;2;NA;NA;9.4;9.3;24.1;21.9;NA;NA;0.88;47;A;A;SIM
Utilitário Esportivo Grande 4x4;VOLVO;XC90;T8 POLESTAR;2.0-16V;Plug-in;A;S;E;G;2;58;1;A;NA;34;2;NA;NA;9.4;9.3;24.1;21.9;NA;NA;0.88;47;A;A;SIM
Utilitário Esportivo Grande 4x4;VOLVO;XC90;T8 R-DESIGN;2.0-16V;Plug-in;A;S;E;G;2;58;1;A;NA;34;2;NA;NA;9.4;9.3;24.1;21.9;NA;NA;0.88;47;A;A;SIM
Utilitário Esportivo Grande 4x4;VOLVO;XC90;T8 ULT DARK;2.0-16V;Plug-in;A;S;E;G;2;58;1;A;NA;34;2;NA;NA;9.4;9.3;24.1;21.9;NA;NA;0.88;47;A;A;SIM
Utilitário Esportivo Grande 4x4;VOLVO;XC90;T8 ULTIMATE;2.0-16V;Plug-in;A;S;E;G;2;58;1;A;NA;34;2;NA;NA;9.4;9.3;24.1;21.9;NA;NA;0.88;47;A;A;SIM
Utilitário Esportivo Grande 4x4;VOLVO;XC90;T8 ULTRA;2.0-16V;Plug-in;A;S;E;G;2;58;1;A;NA;34;2;NA;NA;9.4;9.3;24.1;21.9;NA;NA;0.88;47;A;A;SIM
Utilitário Esportivo Grande 4x4;VOLVO;XC90;T8 AWD PLUS;2.0-16V;Plug-in;A;S;E;G;2;58;1;A;NA;34;2;NA;NA;9.4;9.3;24.1;21.9;NA;NA;0.88;47;A;A;SIM
Utilitário Esportivo Grande 4x4;VOLVO;XC90;T8 AWD ULT;2.0-16V;Plug-in;A;S;E;G;2;58;1;A;NA;34;2;NA;NA;9.4;9.3;24.1;21.9;NA;NA;0.88;47;A;A;SIM
Utilitário Esportivo Grande 4x4;VOLVO;XC90;T8 AWD ULTD;2.0-16V;Plug-in;A;S;E;G;2;58;1;A;NA;34;2;NA;NA;9.4;9.3;24.1;21.9;NA;NA;0.88;47;A;A;SIM
Utilitário Esportivo Grande 4x4;VOLVO;XC90;AWD ULT BLA;2.0-16V;Plug-in;A;S;E;G;2;58;1;A;NA;34;2;NA;NA;9.4;9.3;24.1;21.9;NA;NA;0.88;47;A;A;SIM
Utilitário Esportivo Grande 4x4;VOLVO;EX40;8 PLUS;Elétrico;Elétrico;A-1;S;E;E;NA;0;0;A;NA;0;NA;NA;NA;NA;NA;35.7;33.0;NA;NA;0.59;393;A;A;NÃO
Utilitário Esportivo Grande 4x4;VOLVO;EX40;8 ULTRA;Elétrico;Elétrico;A-1;S;E;E;NA;0;0;A;NA;0;NA;NA;NA;NA;NA;35.7;33.0;NA;NA;0.59;393;A;A;NÃO
Utilitário Esportivo Grande 4x4;VOLVO;EX40;PERF BLACK;Elétrico;Elétrico;A-1;S;E;E;NA;0;0;A;NA;0;NA;NA;NA;NA;NA;35.7;33.0;NA;NA;0.59;393;A;A;NÃO
Utilitário Esportivo Grande 4x4;VOLVO;EX40;PERF ULTRA;Elétrico;Elétrico;A-1;S;E;E;NA;0;0;A;NA;0;NA;NA;NA;NA;NA;35.7;33.0;NA;NA;0.59;393;A;A;NÃO
Utilitário Esportivo Grande 4x4;ZEEKR;X;Flagship;Elétrico;Elétrico;A;S;E;E;NA;NA;NA;A;NA;NA;NA;NA;NA;NA;NA;36.6;32.2;NA;NA;0.59;304;A;A;NÃO
Fora de Estrada Compacto;JEEP;RENEGADE;WILLYS 4x4;1.3T-16V;Combustão;A-9;S;E;F;34;197;5;B;0;142;NA;6.3;7.4;9.2;10.1;NA;NA;NA;NA;2.28;NA;D;D;NÃO
Fora de Estrada Compacto;JEEP;RENEGADE;WILLYS 4X4T (MY27);1.3T-16V;Combustão;A-9;S;E;F;36;351;7;B;0;144;NA;6.3;7.3;9.1;9.7;NA;NA;NA;NA;2.31;NA;D;D;NÃO
Fora de Estrada Grande;CHEVROLET;TRAILBLAZER;HC D4A;2.8 - 16V;Combustão;A-8;S;E;D;228;26;NA;B;NA;195;NA;NA;NA;9.4;11.6;NA;NA;NA;NA;2.63;NA;D;D;NÃO
Fora de Estrada Grande;CHEVROLET;TRAILBLAZER;LT D4A;2.8 - 16V;Combustão;A-8;S;E;D;228;26;NA;B;NA;195;NA;NA;NA;9.4;11.6;NA;NA;NA;NA;2.63;NA;D;D;NÃO
Fora de Estrada Grande;CHEVROLET;TRAILBLAZER;HC MID;2.8 - 16V;Combustão;A-8;S;E;D;236;21;NA;A;NA;216;NA;NA;NA;8.7;10.2;NA;NA;NA;NA;2.91;NA;E;E;NÃO
Fora de Estrada Grande;DENZA;B5;GS DM;1.5-16V;Plug-in;A-1;S;E;G;8;11;0;A;NA;20;0;NA;NA;8.4;7.9;23.0;20.4;NA;NA;0.93;74;A;A;SIM
Fora de Estrada Grande;FORD;BRONCO SPORT;Badlands;2.0 - 16V;Combustão;A-8;S;E;G;8;91;1;A;NA;146;NA;NA;NA;8.4;10.7;NA;NA;NA;NA;2.37;NA;B;D;NÃO
Fora de Estrada Grande;GWM;HAVAL H9;EXC;2.4- 16V;Combustão;A-9;S;E;D;65;23;NA;A;NA;NA;NA;NA;NA;9.0;10.3;NA;NA;NA;NA;2.83;NA;E;E;NÃO
Fora de Estrada Grande;GWM;HAVAL H9;SELECTION;2.4-16V;Combustão;A-9;S;E;D;65;23;NA;A;NA;NA;NA;NA;NA;9.0;10.3;NA;NA;NA;NA;2.83;NA;E;E;NÃO
Fora de Estrada Grande;GWM;TANK 300;PHEV;2.0 -16V;Plug-in;A-9;S;E;G;73;264;1;B;NA;179;22;NA;NA;7.5;7.7;18.4;18.7;NA;NA;1.09;75;A;B;SIM
Fora de Estrada Grande;GWM;TANK 300;PHEV FLEX;2.0-16V;Plug-in;A-9;S;E;F;53;80;6;B;0;181;21;5.4;5.7;7.5;7.6;18.3;18.8;13.1;14.1;1.07;74;A;B;SIM
Fora de Estrada Grande;JEEP;COMMANDER;BLA 2.0 G;2.0T-16V;Combustão;A-9;S;E;G;24;181;1;A;NA;153;NA;NA;NA;8.0;10.3;NA;NA;NA;NA;2.48;NA;C;D;NÃO
Fora de Estrada Grande;JEEP;COMMANDER;OVE 2.2 D;2.2T-16V;Combustão;A-9;S;E;D;64;39;0;A;NA;NA;NA;NA;NA;10.3;13.4;NA;NA;NA;NA;2.34;NA;B;D;NÃO
Fora de Estrada Grande;JEEP;COMMANDER;BLK GME (MY27);2.0T-16V;Combustão;A-9;S;E;F;28;241;5;B;0;149;NA;5.7;7.4;8.2;10.6;NA;NA;NA;NA;2.42;NA;C;D;NÃO
Fora de Estrada Grande;JEEP;COMPASS;BLACKHAWK;2.0T-16V;Combustão;A-9;S;E;G;22;115;1;A;NA;146;NA;NA;NA;8.5;10.8;NA;NA;NA;NA;2.36;NA;B;D;NÃO
Fora de Estrada Grande;JEEP;COMPASS;BLACKHAWK F;2.0T-16V;Combustão;A-9;S;E;F;29;200;4;A;0;143;NA;6.0;7.6;8.5;11.0;NA;NA;NA;NA;2.32;NA;B;D;NÃO
Fora de Estrada Grande;JEEP;WRANGLER;UNL RUBI;2.0T-16V;Combustão;A-8;S;E-H;G;43;149;2;A;NA;187;NA;NA;NA;7.2;7.5;NA;NA;NA;NA;3.03;NA;E;E;NÃO
Fora de Estrada Grande;KIA;SORENTO;EX;2.2 - 16V;Combustão;DCT - 8;S;E;D;69;25;NA;A;NA;NA;NA;NA;NA;11.0;13.5;NA;NA;NA;NA;2.23;NA;B;D;NÃO
Fora de Estrada Grande;LAND ROVER;RANGE ROVER;PHEV SV;3.0-24V;Plug-in;A-8;S;E;G;1;42;0;A;NA;173;23;NA;NA;7.5;8.4;17.5;19.0;NA;NA;1.12;71;A;B;SIM
Fora de Estrada Grande;LAND ROVER;RANGE ROVER;PHEV SE;3.0-24V;Plug-in;A-8;S;E;G;1;42;0;A;NA;173;23;NA;NA;7.5;8.4;17.5;19.0;NA;NA;1.12;71;A;B;SIM
Fora de Estrada Grande;LAND ROVER;RANGE ROVER;PHEV HSE;3.0-24V;Plug-in;A-8;S;E;G;1;42;0;A;NA;173;23;NA;NA;7.5;8.4;17.5;19.0;NA;NA;1.12;71;A;B;SIM
Fora de Estrada Grande;LAND ROVER;RANGE ROVER;PHEV AB;3.0-24V;Plug-in;A-8;S;E;G;1;42;0;A;NA;173;23;NA;NA;7.5;8.4;17.5;19.0;NA;NA;1.12;71;A;B;SIM
Fora de Estrada Grande;LAND ROVER;DEFENDER 90 D350;HSE XD;3.0-24V;Híbrido;A-8;S;E;D;36;54;NA;A;NA;NA;NA;NA;NA;9.1;10.6;NA;NA;NA;NA;2.78;NA;D;E;NÃO
Fora de Estrada Grande;LAND ROVER;DEFENDER 130 D350;X;3.0-24V;Híbrido;A-8;S;E;D;35;71;NA;A;NA;NA;NA;NA;NA;9.2;10.9;NA;NA;NA;NA;2.73;NA;D;E;NÃO
Fora de Estrada Grande;LAND ROVER;DEFENDER 130 D350;X7L;3.0-24V;Híbrido;A-8;S;E;D;35;71;NA;A;NA;NA;NA;NA;NA;9.2;10.9;NA;NA;NA;NA;2.73;NA;D;E;NÃO
Fora de Estrada Grande;LAND ROVER;VELAR;PHEV AB;2.0-16V;Plug-in;A-8;S;E;G;24;241;1;A;NA;156;44;NA;NA;8.3;9.3;20.6;24.1;NA;NA;0.92;40;A;A;SIM
Fora de Estrada Grande;LAND ROVER;DEFENDER 110 D350;TROPHY;3.0-24V;Híbrido;A-8;S;E;D;36;54;NA;A;NA;NA;NA;NA;NA;9.1;10.6;NA;NA;NA;NA;2.78;NA;D;E;NÃO
Fora de Estrada Grande;LAND ROVER;DEFENDER 110 D350;HSEXD 7L;3.0-24V;Híbrido;A-8;S;E;D;36;54;NA;A;NA;NA;NA;NA;NA;9.1;10.6;NA;NA;NA;NA;2.78;NA;D;E;NÃO
Fora de Estrada Grande;LAND ROVER;DEFENDER 110 D350;X 7L;3.0-24V;Híbrido;A-8;S;E;D;36;54;NA;A;NA;NA;NA;NA;NA;9.1;10.6;NA;NA;NA;NA;2.78;NA;D;E;NÃO
Fora de Estrada Grande;LAND ROVER;DISCOVERY;D350 LE;3.0-24V;Híbrido;A-8;S;E;D;32;124;NA;A;NA;NA;NA;NA;NA;9.5;11.8;NA;NA;NA;NA;2.59;NA;C;D;NÃO
Fora de Estrada Grande;LAND ROVER;DISCOVERY;D350 TEMPEST;3.0-24V;Híbrido;A-8;S;E;D;32;124;NA;A;NA;NA;NA;NA;NA;9.5;11.8;NA;NA;NA;NA;2.59;NA;C;D;NÃO
Fora de Estrada Grande;LAND ROVER;RANGE ROVER SPORT;PHEV S;3.0-24V;Plug-in;A-8;S;E;G;1;42;0;A;NA;173;23;NA;NA;7.5;8.4;17.5;19.0;NA;NA;1.12;71;A;B;SIM
Fora de Estrada Grande;LAND ROVER;RANGE ROVER SPORT;PHEV SE;3.0-24V;Plug-in;A-8;S;E;G;1;42;0;A;NA;173;23;NA;NA;7.5;8.4;17.5;19.0;NA;NA;1.12;71;A;B;SIM
Fora de Estrada Grande;LAND ROVER;RANGE ROVER SPORT;PHEV SED;3.0-24V;Plug-in;A-8;S;E;G;1;42;0;A;NA;173;23;NA;NA;7.5;8.4;17.5;19.0;NA;NA;1.12;71;A;B;SIM
Fora de Estrada Grande;LAND ROVER;RANGE ROVER SPORT;PHEV HSED;3.0-24V;Plug-in;A-8;S;E;G;1;42;0;A;NA;173;23;NA;NA;7.5;8.4;17.5;19.0;NA;NA;1.12;71;A;B;SIM
Fora de Estrada Grande;LAND ROVER;RANGE ROVER SPORT;PHEV AB;3.0-24V;Plug-in;A-8;S;E;G;1;42;0;A;NA;173;23;NA;NA;7.5;8.4;17.5;19.0;NA;NA;1.12;71;A;B;SIM
Fora de Estrada Grande;LAND ROVER;EVOQUE;P250FF AB;2.0-16V;Combustão;A-9;S;E;F;15;357;2;A;0;167;NA;5.1;6.6;7.4;9.4;NA;NA;NA;NA;2.71;NA;D;E;NÃO
Fora de Estrada Grande;LAND ROVER;DISCOVERY SPORT;P250FF LE;2.0-16V;Combustão;A-9;S;E;F;13;423;1;A;0;169;NA;5.1;6.6;7.2;9.6;NA;NA;NA;NA;2.74;NA;D;E;NÃO
Fora de Estrada Grande;LAND ROVER;DISCOVERY SPORT;P250FF LE 7L;2.0-16V;Combustão;A-9;S;E;F;13;423;1;A;0;169;NA;5.1;6.6;7.2;9.6;NA;NA;NA;NA;2.74;NA;D;E;NÃO
Fora de Estrada Grande;LAND ROVER;DISCOVERY SPORT;P250FF SE D;2.0-16V;Combustão;A-9;S;E;F;13;423;1;A;0;169;NA;5.1;6.6;7.2;9.6;NA;NA;NA;NA;2.74;NA;D;E;NÃO
Fora de Estrada Grande;LAND ROVER;DISCOVERY SPORT;P250FF SED7L;2.0-16V;Combustão;A-9;S;E;F;13;423;1;A;0;169;NA;5.1;6.6;7.2;9.6;NA;NA;NA;NA;2.74;NA;D;E;NÃO
Fora de Estrada Grande;MERCEDES-BENZ;AMG G63;MFKT;4.0-32V;Híbrido;A-9;S;E;G;18;93;0;A;NA;246;NA;NA;NA;5.3;6.0;NA;NA;NA;NA;4.00;NA;E;E;NÃO
Fora de Estrada Grande;MERCEDES-BENZ;AMG G63 4M;NA;4.0-32V;Híbrido;A-9;S;E;G;22;127;1;A;NA;244;NA;NA;NA;5.4;6.2;NA;NA;NA;NA;3.95;NA;E;E;NÃO
Fora de Estrada Grande;MERCEDES-BENZ;AMG G63 4M;GRD;4.0-32V;Híbrido;A-9;S;E;G;22;127;1;A;NA;244;NA;NA;NA;5.4;6.2;NA;NA;NA;NA;3.95;NA;E;E;NÃO
Fora de Estrada Grande;TOYOTA;SW4 DIESEL 4X4;DIAMOND AT;2.8-16V;Combustão;A-6;S;H;D;81;29;NA;A;NA;NA;NA;NA;NA;9.3;10.5;NA;NA;NA;NA;2.74;NA;D;E;NÃO
Fora de Estrada Grande;TOYOTA;SW4 DIESEL 4X4;SRX PLATINUM AT;2.8-16V;Combustão;A-6;S;H;D;81;29;NA;A;NA;NA;NA;NA;NA;9.3;10.5;NA;NA;NA;NA;2.74;NA;D;E;NÃO
Fora de Estrada Grande;VW;TIGUAN;R LINE;2.0 - 16V;Combustão;A - 8;S;E;G;14;131;0;A;NA;134;NA;NA;NA;8.9;12.1;NA;NA;NA;NA;2.19;NA;A;D;NÃO
Minivan;CHEVROLET;SPIN;1.8L AT LTZ;1.8L - 8V;Combustão;A-6;S;E;F;46;800;5;C;0;119;NA;7.1;9.1;10.1;13.1;NA;NA;NA;NA;1.92;NA;D;C;NÃO
Minivan;CHEVROLET;SPIN;18L AT PREMIER;1.8L - 8V;Combustão;A-6;S;E;F;46;800;5;C;0;119;NA;7.1;9.1;10.1;13.1;NA;NA;NA;NA;1.92;NA;D;C;NÃO
Minivan;KIA;CARNIVAL;HEV EX;1.6 - 16V;Híbrido;DCT-6;S;E;G;3;89;0;A;NA;120;NA;NA;NA;11.9;10.2;NA;NA;NA;NA;1.95;NA;D;C;NÃO
Minivan;KIA;CARNIVAL;HEV LX;1.6 - 16V;Híbrido;DCT-6;S;E;G;3;89;0;A;NA;120;NA;NA;NA;11.9;10.2;NA;NA;NA;NA;1.95;NA;D;C;NÃO
Minivan;KIA;CARNIVAL;HEV SX;1.6 - 16V;Híbrido;DCT-6;S;E;G;3;89;0;A;NA;120;NA;NA;NA;11.9;10.2;NA;NA;NA;NA;1.95;NA;D;C;NÃO
Comercial;BYD;ET3;NÃO-;Elétrico;Elétrico;NA;S;E;E;0;0;0;A;NA;0;NA;NA;NA;NA;NA;30.7;26.3;NA;NA;0.71;170;A;A;NÃO
Comercial;CHEVROLET;ONIX;LOG;1.0 - 12 V;Combustão;M-6;S;E;F;37;183;6;B;0;90;NA;9.5;11.3;13.5;16.3;NA;NA;NA;NA;1.45;NA;A;B;SIM
Comercial;CHEVROLET;ONIX;10MT LOG;1.0 - 12 V;Combustão;M-6;S;E;F;33;133;3;B;0;89;NA;9.8;11.7;13.7;16.2;NA;NA;NA;NA;1.42;NA;A;B;SIM
Comercial;CITROEN;E-JUMPY;CARGO;ELÉTRICO;Elétrico;A-1;S;E;E;NA;NA;NA;A;NA;NA;NA;NA;NA;NA;NA;28.1;26.1;NA;NA;0.75;258;A;A;NÃO
Comercial;CITROEN;JUMPER;COMFORT;2.2T-16V;Combustão;M-6;S;H;D;77;21;NA;A;NA;NA;NA;NA;NA;10.4;10.5;NA;NA;NA;NA;2.57;NA;C;D;NÃO
Comercial;CITROEN;JUMPER;MB16;2.2T-16V;Combustão;M-6;S;H;D;77;21;NA;A;NA;NA;NA;NA;NA;10.4;10.5;NA;NA;NA;NA;2.57;NA;C;D;NÃO
Comercial;CITROEN;JUMPER;CARGOPK;2.2T-16V;Combustão;M-6;S;H;D;64;31;NA;A;NA;NA;NA;NA;NA;10.8;10.4;NA;NA;NA;NA;2.52;NA;B;D;NÃO
Comercial;CITROEN;JUMPER;FURG PK;2.2T-16V;Combustão;M-6;S;H;D;64;31;NA;A;NA;NA;NA;NA;NA;10.8;10.4;NA;NA;NA;NA;2.52;NA;B;D;NÃO
Comercial;CITROEN;JUMPER;VITRE;2.2T-16V;Combustão;M-6;S;H;D;66;33;NA;A;NA;NA;NA;NA;NA;11.0;10.6;NA;NA;NA;NA;2.47;NA;B;D;NÃO
Comercial;CITROEN;JUMPER;L3H2AMB;2.2T-16V;Combustão;M-6;S;H;D;64;31;NA;A;NA;NA;NA;NA;NA;10.8;10.4;NA;NA;NA;NA;2.52;NA;B;D;NÃO
Comercial;CITROEN;JUMPY;CARGO;2.2T-16V;Combustão;M-6;S;E;D;64;61;NA;A;NA;NA;NA;NA;NA;12.4;13.7;NA;NA;NA;NA;2.05;NA;A;C;NÃO
Comercial;CITROEN;JUMPY;VITRE;2.2T-16V;Combustão;M-6;S;E;D;64;61;NA;A;NA;NA;NA;NA;NA;12.4;13.7;NA;NA;NA;NA;2.05;NA;A;C;NÃO
Comercial;FARIZON;V6E;NÃO;Elétrico;Elétrico;A-1;S;E;E;NA;NA;NA;A;NA;NA;NA;NA;NA;NA;NA;32.1;24.5;NA;NA;0.72;156;A;A;NÃO
Comercial;FARIZON;SV;AIR 11M3;Elétrico;Elétrico;A-1;S;E;E;NA;NA;NA;A;NA;NA;NA;NA;NA;NA;NA;23.9;20.3;NA;NA;0.92;239;A;A;NÃO
Comercial;FARIZON;SV;AIR PRO11M3;Elétrico;Elétrico;A-1;S;E;E;NA;NA;NA;A;NA;NA;NA;NA;NA;NA;NA;23.9;20.3;NA;NA;0.92;239;A;A;NÃO
Comercial;FARIZON;SV;LUX 11M3;Elétrico;Elétrico;A-1;S;E;E;NA;NA;NA;A;NA;NA;NA;NA;NA;NA;NA;23.9;20.3;NA;NA;0.92;239;A;A;NÃO
Comercial;FARIZON;SV;LUX PRO11M3;Elétrico;Elétrico;A-1;S;E;E;NA;NA;NA;A;NA;NA;NA;NA;NA;NA;NA;23.9;20.3;NA;NA;0.92;239;A;A;NÃO
Comercial;FARIZON;SV;AIR 8M3;Elétrico;Elétrico;A-1;S;E;E;NA;NA;NA;A;NA;NA;NA;NA;NA;NA;NA;25.3;23.1;NA;NA;0.84;262;A;A;NÃO
Comercial;FARIZON;SV;AIR PRO 8M3;Elétrico;Elétrico;A-1;S;E;E;NA;NA;NA;A;NA;NA;NA;NA;NA;NA;NA;25.3;23.1;NA;NA;0.84;262;A;A;NÃO
Comercial;FARIZON;SV;LUX 8M3;Elétrico;Elétrico;A-1;S;E;E;NA;NA;NA;A;NA;NA;NA;NA;NA;NA;NA;25.3;23.1;NA;NA;0.84;262;A;A;NÃO
Comercial;FARIZON;SV;LUX PRO 8M3;Elétrico;Elétrico;A-1;S;E;E;NA;NA;NA;A;NA;NA;NA;NA;NA;NA;NA;25.3;23.1;NA;NA;0.84;262;A;A;NÃO
Comercial;FIAT;DUCATO;MB COMFORT;2.2T-16V;Combustão;M-6;S;H;D;77;21;NA;A;NA;NA;NA;NA;NA;10.4;10.5;NA;NA;NA;NA;2.57;NA;C;D;NÃO
Comercial;FIAT;DUCATO;MB LUXO 16;2.2T-16V;Combustão;M-6;S;H;D;77;21;NA;A;NA;NA;NA;NA;NA;10.4;10.5;NA;NA;NA;NA;2.57;NA;C;D;NÃO
Comercial;FIAT;DUCATO;L3H2AMB;2.2T-16V;Combustão;M-6;S;H;D;64;31;NA;A;NA;NA;NA;NA;NA;10.8;10.4;NA;NA;NA;NA;2.52;NA;B;D;NÃO
Comercial;FIAT;DUCATO;MXCARGO13M;2.2T-16V;Combustão;M-6;S;H;D;64;31;NA;A;NA;NA;NA;NA;NA;10.8;10.4;NA;NA;NA;NA;2.52;NA;B;D;NÃO
Comercial;FIAT;DUCATO;FURGAO 13M;2.2T-16V;Combustão;M-6;S;H;D;64;31;NA;A;NA;NA;NA;NA;NA;10.8;10.4;NA;NA;NA;NA;2.52;NA;B;D;NÃO
Comercial;FIAT;DUCATO;MULTI 13M;2.2T-16V;Combustão;M-6;S;H;D;66;33;NA;A;NA;NA;NA;NA;NA;11.0;10.6;NA;NA;NA;NA;2.47;NA;B;D;NÃO
Comercial;FIAT;FIORINO;ENDURANCE;1.3-8V;Combustão;M-5;S;E;F;39;393;3;B;0;102;NA;8.7;9.6;12.4;13.6;NA;NA;NA;NA;1.65;NA;A;C;NÃO
Comercial;FIAT;SCUDO;MULTI TD;2.2T-16V;Combustão;M-6;S;E;D;64;61;NA;A;NA;NA;NA;NA;NA;12.4;13.7;NA;NA;NA;NA;2.05;NA;A;C;NÃO
Comercial;FIAT;SCUDO;CARGO TD;2.2T-16V;Combustão;M-6;S;E;D;64;61;NA;A;NA;NA;NA;NA;NA;12.4;13.7;NA;NA;NA;NA;2.05;NA;A;C;NÃO
Comercial;FORD;E-Transit;F35MMAB;Elétrico;Elétrico;A-1;S;E;E;NA;NA;NA;A;NA;NA;NA;NA;NA;NA;NA;23.9;16.5;NA;NA;1.02;203;A;B;NÃO
Comercial;FORD;E-Transit;F35MAAB;Elétrico;Elétrico;A-1;S;E;E;NA;NA;NA;A;NA;NA;NA;NA;NA;NA;NA;23.9;16.5;NA;NA;1.02;203;A;B;NÃO
Comercial;FORD;E-Transit;F35LMAB;Elétrico;Elétrico;A-1;S;E;E;NA;NA;NA;A;NA;NA;NA;NA;NA;NA;NA;23.9;16.5;NA;NA;1.02;203;A;B;NÃO
Comercial;FORD;E-Transit;F35LAAB;Elétrico;Elétrico;A-1;S;E;E;NA;NA;NA;A;NA;NA;NA;NA;NA;NA;NA;23.9;16.5;NA;NA;1.02;203;A;B;NÃO
Comercial;FORD;E-Transit;F35EAAB;Elétrico;Elétrico;A-1;S;E;E;NA;NA;NA;A;NA;NA;NA;NA;NA;NA;NA;23.9;16.5;NA;NA;1.02;203;A;B;NÃO
Comercial;FORD;E-Transit;C35LBAB;Elétrico;Elétrico;A-1;S;E;E;NA;NA;NA;A;NA;NA;NA;NA;NA;NA;NA;23.9;16.5;NA;NA;1.02;203;A;B;NÃO
Comercial;FORD;E-Transit;C35EBAB;Elétrico;Elétrico;A-1;S;E;E;NA;NA;NA;A;NA;NA;NA;NA;NA;NA;NA;23.9;16.5;NA;NA;1.02;203;A;B;NÃO
Comercial;FORD;Transit;F35LAMA;2.0 - 16V;Combustão;M-6;S;E;D;34;49;NA;A;NA;NA;NA;NA;NA;9.8;9.7;NA;NA;NA;NA;2.75;NA;C;E;NÃO
Comercial;FORD;Transit;F35MMMA;2.0 - 16V;Combustão;M-6;S;E;D;34;49;NA;A;NA;NA;NA;NA;NA;9.8;9.7;NA;NA;NA;NA;2.75;NA;C;E;NÃO
Comercial;FORD;Transit;F35MAMA;2.0 - 16V;Combustão;M-6;S;E;D;34;49;NA;A;NA;NA;NA;NA;NA;9.8;9.7;NA;NA;NA;NA;2.75;NA;C;E;NÃO
Comercial;FORD;Transit;F38LAMA;2.0 - 16V;Combustão;M-6;S;E;D;34;49;NA;A;NA;NA;NA;NA;NA;9.8;9.7;NA;NA;NA;NA;2.75;NA;C;E;NÃO
Comercial;FOTON;EVIEW;GRAND53;Elétrico;Elétrico;A-1;S;E;E;NA;NA;NA;A;NA;NA;NA;NA;NA;NA;NA;27.3;22.1;NA;NA;0.82;162;A;A;NÃO
Comercial;FOTON;EWONDER;CHASSI;Elétrico;Elétrico;A-1;S;E;E;NA;NA;NA;A;NA;NA;NA;NA;NA;NA;NA;43.3;28.3;NA;NA;0.58;189;A;A;NÃO
Comercial;FOTON;WONDER;CS;1.6-16V;Combustão;M-5;S;E;G;66;363;1;C;NA;147;NA;NA;NA;9.0;9.6;NA;NA;NA;NA;2.38;NA;B;D;NÃO
Comercial;FOTON;WONDER;CHASSI;1.6-16V;Combustão;M-5;S;E;G;66;363;1;C;NA;147;NA;NA;NA;9.0;9.6;NA;NA;NA;NA;2.38;NA;B;D;NÃO
Comercial;JAC;EJV5.5;CARGO;Elétrico;Elétrico;A-1;S;E;E;NA;NA;NA;A;NA;NA;NA;NA;NA;NA;NA;38.0;27.4;NA;NA;0.63;260;A;A;NÃO
Comercial;KIA;BONGO K2500 4X4 SC;HD SC 4WD;2.5 - 16V;Combustão;M-6;S;H;D;33;68;NA;A;NA;NA;NA;NA;NA;8.6;8.1;NA;NA;NA;NA;3.24;NA;E;E;NÃO
Comercial;KIA;BONGO K2500 4X4 SC;HDDL 4WD;2.5 - 16V;Combustão;M-6;S;H;D;33;68;NA;A;NA;NA;NA;NA;NA;8.6;8.1;NA;NA;NA;NA;3.24;NA;E;E;NÃO
Comercial;MERCEDES-BENZ;320 E SPRINTER;Furgão;Elétrico;Elétrico;A-1;S;E;E;NA;NA;NA;A;NA;NA;NA;NA;NA;NA;NA;21.1;16.3;NA;NA;1.09;206;A;B;NÃO
Comercial;MERCEDES-BENZ;320 E SPRINTER;Chassi;Elétrico;Elétrico;A-1;S;E;E;NA;NA;NA;A;NA;NA;NA;NA;NA;NA;NA;21.1;16.3;NA;NA;1.09;206;A;B;NÃO
Comercial;MERCEDES-BENZ;315CDI STREET;Furgão;2.0-16V;Combustão;M-6;S;H;D;14;6;0;A;NA;NA;NA;NA;NA;9.6;10.4;NA;NA;NA;NA;2.72;NA;C;E;NÃO
Comercial;MERCEDES-BENZ;315CDI STREET;Chassi;2.0-16V;Combustão;M-6;S;H;D;14;6;0;A;NA;NA;NA;NA;NA;9.6;10.4;NA;NA;NA;NA;2.72;NA;C;E;NÃO
Comercial;PEUGEOT;BOXER;16L LUXO;2.2T-16V;Combustão;M-6;S;H;D;77;21;NA;A;NA;NA;NA;NA;NA;10.4;10.5;NA;NA;NA;NA;2.57;NA;C;D;NÃO
Comercial;PEUGEOT;BOXER;COMFORT;2.2T-16V;Combustão;M-6;S;H;D;77;21;NA;A;NA;NA;NA;NA;NA;10.4;10.5;NA;NA;NA;NA;2.57;NA;C;D;NÃO
Comercial;PEUGEOT;BOXER;CARGO PK;2.2T-16V;Combustão;M-6;S;H;D;64;31;NA;A;NA;NA;NA;NA;NA;10.8;10.4;NA;NA;NA;NA;2.52;NA;B;D;NÃO
Comercial;PEUGEOT;BOXER;VIDRADA;2.2T-16V;Combustão;M-6;S;H;D;66;33;NA;A;NA;NA;NA;NA;NA;11.0;10.6;NA;NA;NA;NA;2.47;NA;B;D;NÃO
Comercial;PEUGEOT;BOXER;FURGAOPK;2.2T-16V;Combustão;M-6;S;H;D;64;31;NA;A;NA;NA;NA;NA;NA;10.8;10.4;NA;NA;NA;NA;2.52;NA;B;D;NÃO
Comercial;PEUGEOT;E-EXPERT;CARGO;ELÉTRICO;Elétrico;A-1;S;E;E;NA;NA;NA;A;NA;NA;NA;NA;NA;NA;NA;28.1;26.1;NA;NA;0.75;258;A;A;NÃO
Comercial;PEUGEOT;EXPERT;CARGO;2.2T-16V;Combustão;M-6;S;E;D;64;61;NA;A;NA;NA;NA;NA;NA;12.4;13.7;NA;NA;NA;NA;2.05;NA;A;C;NÃO
Comercial;PEUGEOT;EXPERT;VITRE;2.2T-16V;Combustão;M-6;S;E;D;64;61;NA;A;NA;NA;NA;NA;NA;12.4;13.7;NA;NA;NA;NA;2.05;NA;A;C;NÃO
Comercial;PEUGEOT;PARTRAPID;BUSIPK;1.3-8V;Combustão;M-5;S;E;F;39;393;3;B;0;102;NA;8.7;9.6;12.4;13.6;NA;NA;NA;NA;1.65;NA;A;C;NÃO
Comercial;RENAULT;MASTER FURGÃO;FURGÃO L1;2.3-16V;Combustão;M-6;S;E-H;D;54;80;0;A;NA;NA;NA;NA;NA;10.1;10.3;NA;NA;NA;NA;2.63;NA;C;D;NÃO
Comercial;RENAULT;MASTER FURGÃO;FURGÃO L2;2.3-16V;Combustão;M-6;S;E-H;D;54;80;0;A;NA;NA;NA;NA;NA;10.1;10.3;NA;NA;NA;NA;2.63;NA;C;D;NÃO
Comercial;RENAULT;MASTER FURGÃO;FURGÃO L3;2.3-16V;Combustão;M-6;S;E-H;D;54;80;0;A;NA;NA;NA;NA;NA;10.1;10.3;NA;NA;NA;NA;2.63;NA;C;D;NÃO
Comercial;RENAULT;MASTER FURGÃO;FURGÃOL1R;2.3-16V;Combustão;M-6;S;E-H;D;54;80;0;A;NA;NA;NA;NA;NA;10.1;10.3;NA;NA;NA;NA;2.63;NA;C;D;NÃO
Comercial;RENAULT;MASTER FURGÃO;FURGÃOL2R;2.3-16V;Combustão;M-6;S;E-H;D;54;80;0;A;NA;NA;NA;NA;NA;10.1;10.3;NA;NA;NA;NA;2.63;NA;C;D;NÃO
Comercial;RENAULT;MASTER FURGÃO;FURGÃOL3R;2.3-16V;Combustão;M-6;S;E-H;D;54;80;0;A;NA;NA;NA;NA;NA;10.1;10.3;NA;NA;NA;NA;2.63;NA;C;D;NÃO
Comercial;RENAULT;MASTER FUGÃO PRÓ;PRÓ L1;2.3-16V;Combustão;M-6;S;E-H;D;39;84;0;A;NA;NA;NA;NA;NA;10.1;9.6;NA;NA;NA;NA;2.72;NA;C;E;NÃO
Comercial;RENAULT;MASTER FUGÃO PRÓ;PRÓ L2;2.3-16V;Combustão;M-6;S;E-H;D;39;84;0;A;NA;NA;NA;NA;NA;10.1;9.6;NA;NA;NA;NA;2.72;NA;C;E;NÃO
Comercial;RENAULT;MASTER FUGÃO PRÓ;PRÓ L3;2.3-16V;Combustão;M-6;S;E-H;D;39;84;0;A;NA;NA;NA;NA;NA;10.1;9.6;NA;NA;NA;NA;2.72;NA;C;E;NÃO
Comercial;RENAULT;MASTER FUGÃO PRÓ;VITPRO3AC;2.3-16V;Combustão;M-6;S;E-H;D;39;84;0;A;NA;NA;NA;NA;NA;10.1;9.6;NA;NA;NA;NA;2.72;NA;C;E;NÃO
Comercial;RENAULT;MASTER FUGÃO PRÓ;VITPROL3R;2.3-16V;Combustão;M-6;S;E-H;D;39;84;0;A;NA;NA;NA;NA;NA;10.1;9.6;NA;NA;NA;NA;2.72;NA;C;E;NÃO
Comercial;RENAULT;MASTER BUS;MINIBUSL3;2.3-16V;Combustão;M-6;S;E-H;D;34;100;0;A;NA;NA;NA;NA;NA;9.4;9.3;NA;NA;NA;NA;2.88;NA;D;E;NÃO
Comercial;RENAULT;MASTER CHASSIS CABINE;CHASSICAB;2.3-16V;Combustão;M-6;S;E-H;D;30;128;0;A;NA;NA;NA;NA;NA;10.2;9.7;NA;NA;NA;NA;2.69;NA;C;E;NÃO
Comercial;RENAULT;KANGOO;ADV16;1.6-16V;Combustão;M-5;S;E-H;F;52;595;2;C;0;119;NA;7.6;8.1;11.0;11.7;NA;NA;NA;NA;1.93;NA;A;C;NÃO
Comercial;RENAULT;KANGOO;EX PRO;1.6-16V;Combustão;M-5;S;E-H;F;52;595;2;C;0;119;NA;7.6;8.1;11.0;11.7;NA;NA;NA;NA;1.93;NA;A;C;NÃO
Comercial;RENAULT;KANGOO;SRT16;1.6-16V;Combustão;M-5;S;E-H;F;52;595;2;C;0;119;NA;7.6;8.1;11.0;11.7;NA;NA;NA;NA;1.93;NA;A;C;NÃO
Comercial;RENAULT;KANGOO;ETECHL2;Elétrico;Elétrico;A;S;E;E;NA;NA;NA;A;NA;NA;NA;NA;NA;NA;NA;37.5;30.3;NA;NA;0.60;210;A;A;NÃO
Comercial;RENAULT;E-KWID;CARGO;Elétrico;Elétrico;A;S;E;E;NA;NA;NA;A;NA;NA;NA;NA;NA;NA;NA;52.7;39.6;NA;NA;0.44;185;A;A;NÃO
Comercial;TOYOTA;HIACE;MINIBUS AT DX;2.8-16V;Combustão;A-6;S;H;D;80;14;NA;A;NA;NA;NA;NA;NA;8.5;9.8;NA;NA;NA;NA;3.00;NA;E;E;NÃO
Comercial;TOYOTA;HIACE;HIACE CARGO AT DX;2.8-16V;Combustão;A-6;S;H;D;93;13;NA;A;NA;NA;NA;NA;NA;8.8;10.2;NA;NA;NA;NA;2.88;NA;D;E;NÃO
Picape Compacta;CHEVROLET;MONTANA;MT;1.2T - 12V;Combustão;M-6;S;E;F;19;160;3;A;0;102;NA;8.4;9.7;12.3;13.7;NA;NA;NA;NA;1.66;NA;B;C;NÃO
Picape Compacta;CHEVROLET;MONTANA;LT;1.2T - 12V;Combustão;M-6;S;E;F;19;160;3;A;0;102;NA;8.4;9.7;12.3;13.7;NA;NA;NA;NA;1.66;NA;B;C;NÃO
Picape Compacta;CHEVROLET;MONTANA;LTZ;1.2T - 12V;Combustão;A-6;S;E;F;18;118;3;A;0;111;NA;7.5;9.7;11.0;13.5;NA;NA;NA;NA;1.80;NA;D;C;NÃO
Picape Compacta;CHEVROLET;MONTANA;PREMIER;1.2T - 12V;Combustão;A-6;S;E;F;18;118;3;A;0;111;NA;7.5;9.7;11.0;13.5;NA;NA;NA;NA;1.80;NA;D;C;NÃO
Picape Compacta;CHEVROLET;MONTANA;RS;1.2T - 12V;Combustão;A-6;S;E;F;18;118;3;A;0;111;NA;7.5;9.7;11.0;13.5;NA;NA;NA;NA;1.80;NA;D;C;NÃO
Picape Compacta;FIAT;STRADA;ENDURAN CS13;1.3-8V;Combustão;M-5;S;E;F;39;415;5;B;0;96;NA;9.1;10.1;13.0;14.7;NA;NA;NA;NA;1.56;NA;A;C;NÃO
Picape Compacta;FIAT;STRADA;FREEDOM CS13;1.3-8V;Combustão;M-5;S;E;F;39;415;5;B;0;96;NA;9.1;10.1;13.0;14.7;NA;NA;NA;NA;1.56;NA;A;C;NÃO
Picape Compacta;FIAT;STRADA;FREEDOM CD13;1.3-8V;Combustão;M-5;S;E;F;39;417;5;C;0;98;NA;8.9;10.1;12.8;14.4;NA;NA;NA;NA;1.59;NA;A;C;NÃO
Picape Compacta;FIAT;STRADA;VOLCANO CD13;1.3-8V;Combustão;M-5;S;E;F;38;483;4;B;0;101;NA;8.9;9.8;12.4;13.9;NA;NA;NA;NA;1.63;NA;B;C;NÃO
Picape Compacta;FIAT;STRADA;VOLCANO 13AT;1.3-8V;Combustão;CVT-7;S;E;F;35;287;5;B;0;102;NA;8.9;9.7;12.6;13.5;NA;NA;NA;NA;1.63;NA;B;C;NÃO
Picape Compacta;FIAT;STRADA;ULTRA T200AT;1.0T-12V;Combustão;CVT-7;S;E;F;36;344;7;B;0;107;NA;8.3;9.2;11.9;13.1;NA;NA;NA;NA;1.73;NA;C;C;NÃO
Picape Compacta;FIAT;STRADA;RANCH T200AT;1.0T-12V;Combustão;CVT-7;S;E;F;36;344;7;B;0;107;NA;8.3;9.2;11.9;13.1;NA;NA;NA;NA;1.73;NA;C;C;NÃO
Picape Compacta;RENAULT;OROCH;Intense16M;1.6-16V;Combustão;M-6;S;E-H;F;44;562;2;C;0;117;NA;7.6;8.1;11.3;11.7;NA;NA;NA;NA;1.91;NA;E;C;NÃO
Picape Compacta;RENAULT;OROCH;PRO 16;1.6-16V;Combustão;M-6;S;E-H;F;44;562;2;C;0;117;NA;7.6;8.1;11.3;11.7;NA;NA;NA;NA;1.91;NA;E;C;NÃO
Picape Compacta;VW;SAVEIRO;NA;1.6-16V;Combustão;M - 5;S;H;F;31;177;2;B;0;112;NA;NA;NA;NA;NA;NA;NA;NA;NA;1.83;NA;E;C;NÃO
Picape Compacta;VW;SAVEIRO;NA;1.6-16V;Combustão;M - 5;S;H;F;31;177;2;B;0;112;NA;7.7;8.8;11.2;12.9;NA;NA;NA;NA;1.83;NA;E;C;NÃO
Picape Compacta;VW;SAVEIRO;CABINE DUPLA ROBUST MF;1.6-16V;Combustão;M - 5;S;H;F;28;198;2;B;0;113;NA;7.9;8.7;11.3;12.4;NA;NA;NA;NA;1.83;NA;E;C;NÃO
Picape Compacta;VW;SAVEIRO;CABINE DUPLA EXTREME MF;1.6-16V;Combustão;M - 5;S;H;F;28;198;2;B;0;113;NA;7.9;8.7;11.3;12.4;NA;NA;NA;NA;1.83;NA;E;C;NÃO
Picape;BYD;SHARK;GS DM;1.5-16V;Plug-in;A-1;S;E;G;17;22;0;A;NA;22;0;NA;NA;8.7;8.5;24.3;20.3;NA;NA;0.91;68;A;A;SIM
Picape;BYD;SHARK;GL DM;1.5-16V;Plug-in;A-1;S;E;G;17;22;0;A;NA;22;0;NA;NA;8.7;8.5;24.3;20.3;NA;NA;0.91;68;A;A;SIM
Picape;CHEVROLET;S10;Z71 Cabine Dupla;2.8 - 16V;Combustão;A-8;S;E;D;34;28;NA;A;NA;NA;NA;NA;NA;8.4;11.1;NA;NA;NA;NA;2.87;NA;E;E;NÃO
Picape;CHEVROLET;S10;Z71;2.8 - 16V;Combustão;A-8;S;E;D;34;28;NA;A;NA;212;NA;NA;NA;8.4;11.1;NA;NA;NA;NA;2.87;NA;E;E;NÃO
Picape;CHEVROLET;S10;HC DD4A;2.8 - 16V;Combustão;A-8;S;E;D;39;29;NA;A;NA;202;NA;NA;NA;8.8;11.9;NA;NA;NA;NA;2.73;NA;D;E;NÃO
Picape;CHEVROLET;S10;LTZ DD4A;2.8 - 16V;Combustão;A-8;S;E;D;39;29;NA;A;NA;202;NA;NA;NA;8.8;11.9;NA;NA;NA;NA;2.73;NA;D;E;NÃO
Picape;CHEVROLET;S10;WT DD4A;2.8 - 16V;Combustão;A-8;S;E;D;39;29;NA;A;NA;202;NA;NA;NA;8.8;11.9;NA;NA;NA;NA;2.73;NA;D;E;NÃO
Picape;CHEVROLET;S10;LTZ DD4A;2.8 - 16V;Combustão;A-8;S;E;D;39;29;NA;A;NA;202;NA;NA;NA;8.8;11.9;NA;NA;NA;NA;2.73;NA;D;E;NÃO
Picape;CHEVROLET;S10;WT DS4;2.8 - 16V;Combustão;M-6;S;E;D;262;165;NA;B;NA;185;NA;NA;NA;10.2;11.4;NA;NA;NA;NA;2.50;NA;B;D;NÃO
Picape;CHEVROLET;S10;WT DS4C;2.8 - 16V;Combustão;M-6;S;E;D;262;165;NA;B;NA;185;NA;NA;NA;10.2;11.4;NA;NA;NA;NA;2.50;NA;B;D;NÃO
Picape;CHEVROLET;S10;WT DD4;2.8 - 16V;Combustão;M-6;S;E;D;226;83;NA;B;NA;186;NA;NA;NA;10.2;11.4;NA;NA;NA;NA;2.52;NA;C;D;NÃO
Picape;CHEVROLET;S10;HIGH COUNTRY Cabine Dupla;2.8 - 16V;Combustão;A-8;S;E;D;39;29;NA;A;NA;NA;NA;NA;NA;8.8;11.9;NA;NA;NA;NA;2.73;NA;D;E;NÃO
Picape;CHEVROLET;S10;LTZ Cabine Dupla;2.8 - 16V;Combustão;A-8;S;E;D;39;29;NA;A;NA;NA;NA;NA;NA;8.8;11.9;NA;NA;NA;NA;2.73;NA;D;E;NÃO
Picape;CHEVROLET;S10;WT Cabine Duple;2.8 - 16V;Combustão;A-8;S;E;D;39;29;NA;A;NA;NA;NA;NA;NA;8.8;11.9;NA;NA;NA;NA;2.73;NA;D;E;NÃO
Picape;CHEVROLET;S10;WT Cabine Simples;2.8 - 16V;Combustão;M-6;S;E;D;262;165;NA;B;NA;NA;NA;NA;NA;10.2;11.4;NA;NA;NA;NA;2.50;NA;B;D;NÃO
Picape;CHEVROLET;S10;WT Cabine Chassis;2.8 - 16V;Combustão;M-6;S;E;D;262;165;NA;B;NA;NA;NA;NA;NA;10.2;11.4;NA;NA;NA;NA;2.50;NA;B;D;NÃO
Picape;CHEVROLET;SILVERADO;HIGH COUNTRY;5.3 V8;Combustão;A-10;S;E;G;17;375;1;A;NA;214;NA;NA;NA;6.0;7.2;NA;NA;NA;NA;3.48;NA;E;E;NÃO
Picape;FIAT;TITANO;ENDURANCE;2.2T-16V;Combustão;M-6;S;H;D;63;34;NA;A;NA;NA;NA;NA;NA;10.5;10.5;NA;NA;NA;NA;2.55;NA;C;D;NÃO
Picape;FIAT;TITANO;VOLCANO;2.2T-16V;Combustão;A-8;S;H;D;68;16;NA;A;NA;NA;NA;NA;NA;9.9;10.8;NA;NA;NA;NA;2.62;NA;C;D;NÃO
Picape;FIAT;TITANO;RANCH;2.2T-16V;Combustão;A-8;S;H;D;68;16;NA;A;NA;NA;NA;NA;NA;9.9;10.8;NA;NA;NA;NA;2.62;NA;C;D;NÃO
Picape;FIAT;TORO;ENDUR T270 AT;1.3T-16V;Combustão;A-6;S;E;F;39;149;7;B;0;130;NA;6.8;7.9;9.8;11.2;NA;NA;NA;NA;2.10;NA;A;D;NÃO
Picape;FIAT;TORO;FREED T270 AT;1.3T-16V;Combustão;A-6;S;E;F;30;172;5;B;0;136;NA;6.5;7.8;9.4;10.8;NA;NA;NA;NA;2.19;NA;A;D;NÃO
Picape;FIAT;TORO;VOLC T270 AT;1.3T-16V;Combustão;A-6;S;E;F;30;172;5;B;0;136;NA;6.5;7.8;9.4;10.8;NA;NA;NA;NA;2.19;NA;A;D;NÃO
Picape;FIAT;TORO;ULTRA T270 AT;1.3T-16V;Combustão;A-6;S;E;F;30;172;5;B;0;136;NA;6.5;7.8;9.4;10.8;NA;NA;NA;NA;2.19;NA;A;D;NÃO
Picape;FIAT;TORO;RANCH TD450 AT;2.2T-16V;Combustão;A-9;S;E;D;63;22;0;A;NA;NA;NA;NA;NA;10.5;13.6;NA;NA;NA;NA;2.29;NA;A;D;NÃO
Picape;FIAT;TORO;VOLC TD450 AT;2.2T-16V;Combustão;A-9;S;E;D;63;22;0;A;NA;NA;NA;NA;NA;10.5;13.6;NA;NA;NA;NA;2.29;NA;A;D;NÃO
Picape;FIAT;TORO;FREED TD450 AT;2.2T-16V;Combustão;A-9;S;E;D;67;24;0;A;NA;NA;NA;NA;NA;10.3;13.1;NA;NA;NA;NA;2.36;NA;B;D;NÃO
Picape;FIAT;TORO;VOLC T270 HYB;1.3T-16V;Híbrido;A-6;S;E;F;35;357;4;B;0;127;NA;7.3;7.6;10.5;10.7;NA;NA;NA;NA;2.05;NA;A;C;NÃO
Picape;FIAT;TORO;ULTRA T270 HYB;1.3T-16V;Híbrido;A-6;S;E;F;35;357;4;B;0;127;NA;7.3;7.6;10.5;10.7;NA;NA;NA;NA;2.05;NA;A;C;NÃO
Picape;FORD;Nova Ranger 4x2;Black;2.0 - 16V;Combustão;A-6;S;E;D;95;55;NA;A;NA;NA;NA;NA;NA;10.2;12.1;NA;NA;NA;NA;2.45;NA;B;D;NÃO
Picape;FORD;Nova Ranger 4x4;XL;2.0 - 16V;Combustão;M-6;S;E;D;93;80;NA;A;NA;NA;NA;NA;NA;10.3;11.2;NA;NA;NA;NA;2.50;NA;B;D;NÃO
Picape;FORD;Nova Ranger 4x4;XLS;2.0 - 16V;Combustão;M-6;S;E;D;93;80;NA;A;NA;NA;NA;NA;NA;10.3;11.2;NA;NA;NA;NA;2.50;NA;B;D;NÃO
Picape;FORD;Nova Ranger 4x4;XLS;2.0 - 16V;Combustão;A-6;S;E;D;96;52;NA;A;NA;NA;NA;NA;NA;9.9;11.6;NA;NA;NA;NA;2.54;NA;C;D;NÃO
Picape;FORD;Nova Ranger 4x4;LTD;3.0 V6 - 24V;Combustão;A-10;S;E;D;73;67;NA;A;NA;NA;NA;NA;NA;8.3;10.1;NA;NA;NA;NA;3.02;NA;E;E;NÃO
Picape;FORD;Nova Ranger 4x4;XLS;3.0 V6 - 24V;Combustão;A-10;S;E;D;72;73;NA;A;NA;NA;NA;NA;NA;8.6;10.1;NA;NA;NA;NA;2.93;NA;E;E;NÃO
Picape;FORD;Nova Ranger 4x4;XLT;3.0 V6 - 24V;Combustão;A-10;S;E;D;72;73;NA;A;NA;NA;NA;NA;NA;8.6;10.1;NA;NA;NA;NA;2.93;NA;E;E;NÃO
Picape;FORD;Nova Ranger 4x4;LTD+;3.0 V6 - 24V;Combustão;A-10;S;E;D;72;73;NA;A;NA;NA;NA;NA;NA;8.6;10.1;NA;NA;NA;NA;2.93;NA;E;E;NÃO
Picape;FORD;Nova Ranger 4x4;Cabine Simples;2.0 - 16V;Combustão;M-6;S;E;D;93;80;NA;A;NA;NA;NA;NA;NA;10.3;11.2;NA;NA;NA;NA;2.50;NA;B;D;NÃO
Picape;FORD;Nova Ranger 4x4;Chassis;2.0 - 16V;Combustão;M-6;S;E;D;93;80;NA;A;NA;NA;NA;NA;NA;10.3;11.2;NA;NA;NA;NA;2.50;NA;B;D;NÃO
Picape;FORD;Nova Ranger 4x4;Cabine Simples;2.0 - 16V;Combustão;A-6;S;E;D;85;57;NA;A;NA;NA;NA;NA;NA;9.2;11.1;NA;NA;NA;NA;2.71;NA;D;E;NÃO
Picape;FORD;Nova Ranger 4x4;Chassis;2.0 - 16V;Combustão;A-6;S;E;D;85;57;NA;A;NA;NA;NA;NA;NA;9.2;11.1;NA;NA;NA;NA;2.71;NA;D;E;NÃO
Picape;FORD;Nova Ranger 4x4;XL;2.0 - 16V;Combustão;A-6;S;E;D;85;57;NA;A;NA;NA;NA;NA;NA;9.2;11.1;NA;NA;NA;NA;2.71;NA;D;E;NÃO
Picape;FORD;Maverick;Lariat Hybrid;2.5 - 16V;Híbrido;eCVT;S;E;G;11;119;375;A;NA;90;NA;NA;NA;15.4;13.5;NA;NA;NA;NA;1.46;NA;A;B;SIM
Picape;FORD;Maverick;Lariat Black;2.0 - 16V;Combustão;A-8;S;E;G;12;140;0.77;A;NA;142;NA;NA;NA;8.5;11.4;NA;NA;NA;NA;2.30;NA;B;D;NÃO
Picape;FORD;Maverick;Tremor;2.0 - 16V;Combustão;A-8;S;E;G;11;216;0.32;A;NA;146;NA;NA;NA;8.4;10.7;NA;NA;NA;NA;2.37;NA;B;D;NÃO
Picape;GWM;POER P30;EXC (MY27);2.4-16V;Combustão;A-9;S;E;D;73;23;0;A;NA;NA;NA;NA;NA;9.4;10.4;NA;NA;NA;NA;2.75;NA;D;E;NÃO
Picape;GWM;POER P30;TRL (MY27);2.4-16V;Combustão;A-9;S;E;D;73;23;0;A;NA;NA;NA;NA;NA;9.4;10.4;NA;NA;NA;NA;2.75;NA;D;E;NÃO
Picape;GWM;POER P30;PRO (MY27);2.4-16V;Combustão;A-9;S;E;D;73;23;0;A;NA;NA;NA;NA;NA;9.4;10.4;NA;NA;NA;NA;2.75;NA;D;E;NÃO
Picape;GWM;POER P30;PRO;2.4-16V;Combustão;A-9;S;E;D;73;23;0;A;NA;NA;NA;NA;NA;9.4;10.4;NA;NA;NA;NA;2.75;NA;D;E;NÃO
Picape;JAC;IEV330P;IEV330;Elétrico;Elétrico;A-1;S;E;E;NA;NA;NA;A;NA;NA;NA;NA;NA;NA;NA;29.2;25.1;NA;NA;0.75;226;A;A;NÃO
Picape;JAC;HUNTER;HUNTER AT;2.0-16V;Combustão;A-8;S;E-H;D;55;20;1;A;NA;NA;NA;NA;NA;9.0;10.2;NA;NA;NA;NA;2.84;NA;D;E;NÃO
Picape;JAC;HUNTER;HUNTER 4WORK;2.0-16V;Combustão;A-8;S;E-H;D;55;20;1;A;NA;NA;NA;NA;NA;9.0;10.2;NA;NA;NA;NA;2.84;NA;D;E;NÃO
Picape;JAC;HUNTER;HUNTER HD 4X4 AT C;2.0-16V;Combustão;A-8;S;E-H;D;55;20;1;A;NA;NA;NA;NA;NA;9.0;10.2;NA;NA;NA;NA;2.84;NA;D;E;NÃO
Picape;JAC;HUNTER;HUNTER HD 4X4 AT;2.0-16V;Combustão;A-8;S;E-H;D;55;20;1;A;NA;NA;NA;NA;NA;9.0;10.2;NA;NA;NA;NA;2.84;NA;D;E;NÃO
Picape;JAC;HUNTER;HUNTER HDX 4X4 AT;2.0-16V;Combustão;A-8;S;E-H;D;55;20;1;A;NA;NA;NA;NA;NA;9.0;10.2;NA;NA;NA;NA;2.84;NA;D;E;NÃO
Picape;JAC;HUNTER;HUNTER HD AT;2.0-16V;Combustão;A-8;S;E-H;D;55;20;1;A;NA;NA;NA;NA;NA;9.0;10.2;NA;NA;NA;NA;2.84;NA;D;E;NÃO
Picape;JAC;HUNTER;HUNTER HW AT;2.0-16V;Combustão;A-8;S;E-H;D;55;20;1;A;NA;NA;NA;NA;NA;9.0;10.2;NA;NA;NA;NA;2.84;NA;D;E;NÃO
Picape;JAC;HUNTER;HUNTER HW 4X4 AT;2.0-16V;Combustão;A-8;S;E-H;D;55;20;1;A;NA;NA;NA;NA;NA;9.0;10.2;NA;NA;NA;NA;2.84;NA;D;E;NÃO
Picape;JEEP;GLADIATOR;RUBICON;3.6-24V;Combustão;A-8;S;E-H;G;36;309;1;A;NA;209;NA;NA;NA;6.3;7.1;NA;NA;NA;NA;3.38;NA;E;E;NÃO
Picape;KIA;TASMAN;BASIC;2.2 - 16V;Combustão;A-8;S;E;D;104;14;NA;A;NA;NA;NA;NA;NA;9.5;10.9;NA;NA;NA;NA;2.67;NA;C;E;NÃO
Picape;KIA;TASMAN;X-LINE;2.2 - 16V;Combustão;A-8;S;E;D;104;14;NA;A;NA;NA;NA;NA;NA;9.5;10.9;NA;NA;NA;NA;2.67;NA;C;E;NÃO
Picape;MITSUBISHI;Triton;GL AT2;2.4-16V;Combustão;AT;S;E;D;41;91;NA;A;NA;NA;21;NA;NA;10.2;12.3;NA;NA;NA;NA;2.43;NA;B;D;NÃO
Picape;MITSUBISHI;Triton;GLS AT2;2.4-16V;Combustão;AT;S;E;D;41;91;NA;A;NA;NA;21;NA;NA;10.2;12.3;NA;NA;NA;NA;2.43;NA;B;D;NÃO
Picape;MITSUBISHI;Triton;GL MT4;2.4-16V;Combustão;MT;S;E;D;62;56;NA;A;NA;NA;21;NA;NA;10.8;12.2;NA;NA;NA;NA;2.34;NA;B;D;NÃO
Picape;MITSUBISHI;Triton;GL AT4;2.4-16V;Combustão;AT;S;E;D;57;119;NA;A;NA;NA;21;NA;NA;9.5;11.7;NA;NA;NA;NA;2.60;NA;C;D;NÃO
Picape;MITSUBISHI;Triton;GLS AT4;2.4-16V;Combustão;AT;S;E;D;57;119;NA;A;NA;NA;21;NA;NA;9.5;11.7;NA;NA;NA;NA;2.60;NA;C;D;NÃO
Picape;MITSUBISHI;Triton;HPE AT4;2.4-16V;Combustão;AT;S;E;D;57;119;NA;A;NA;NA;21;NA;NA;9.5;11.7;NA;NA;NA;NA;2.60;NA;C;D;NÃO
Picape;MITSUBISHI;Triton;HPE-S AT4;2.4-16V;Combustão;AT;S;E;D;57;119;NA;A;NA;NA;21;NA;NA;9.5;11.7;NA;NA;NA;NA;2.60;NA;C;D;NÃO
Picape;MITSUBISHI;Triton;KATANA AT4;2.4-16V;Combustão;AT;S;E;D;57;119;NA;A;NA;NA;21;NA;NA;9.5;11.7;NA;NA;NA;NA;2.60;NA;C;D;NÃO
Picape;RAM;1500;BIG HORN (CY26);3.0T-24V;Combustão;A-8;S;E;G;16;152;1;A;NA;213;NA;NA;NA;6.1;7.2;NA;NA;NA;NA;3.45;NA;E;E;NÃO
Picape;RAM;1500;LARAMIE;3.0T-24V;Combustão;A-8;S;E;G;20;121;1;A;NA;216;NA;NA;NA;6.0;7.0;NA;NA;NA;NA;3.50;NA;E;E;NÃO
Picape;RAM;1500;LARAMIE (CY26);3.0T-24V;Combustão;A-8;S;E;G;16;152;1;A;NA;213;NA;NA;NA;6.1;7.2;NA;NA;NA;NA;3.45;NA;E;E;NÃO
Picape;RAM;1500;REBEL;3.0T-24V;Combustão;A-8;S;E;G;20;121;1;A;NA;216;NA;NA;NA;6.0;7.0;NA;NA;NA;NA;3.50;NA;E;E;NÃO
Picape;RAM;1500;LARAMIE NE;3.0T-24V;Combustão;A-8;S;E;G;20;121;1;A;NA;216;NA;NA;NA;6.0;7.0;NA;NA;NA;NA;3.50;NA;E;E;NÃO
Picape;RAM;1500;LARAMIE NE (CY26);3.0T-24V;Combustão;A-8;S;E;G;16;152;1;A;NA;213;NA;NA;NA;6.1;7.2;NA;NA;NA;NA;3.45;NA;E;E;NÃO
Picape;RAM;RAMPAGE;LARAMIE DS;2.2T-16V;Combustão;A-9;S;E;D;71;52;0;A;NA;NA;NA;NA;NA;10.6;13.3;NA;NA;NA;NA;2.30;NA;B;D;NÃO
Picape;RAM;RAMPAGE;BIGHORN DS;2.2T-16V;Combustão;A-9;S;E;D;71;52;0;A;NA;NA;NA;NA;NA;10.6;13.3;NA;NA;NA;NA;2.30;NA;B;D;NÃO
Picape;RAM;RAMPAGE;LARAMIE FLEX;2.0T-16V;Combustão;A-9;S;E;F;33;266;6;B;0;153;NA;5.7;7.0;8.2;10.0;NA;NA;NA;NA;2.48;NA;B;D;NÃO
Picape;RAM;RAMPAGE;LARAMIE GAS;2.0T-16V;Combustão;A-9;S;E;G;23;184;1;A;NA;155;NA;NA;NA;8.2;9.8;NA;NA;NA;NA;2.51;NA;C;D;NÃO
Picape;RAM;RAMPAGE;REBEL AT GAS;2.0T-16V;Combustão;A-9;S;E;G;23;184;1;A;NA;155;NA;NA;NA;8.2;9.8;NA;NA;NA;NA;2.51;NA;C;D;NÃO
Picape;RAM;RAMPAGE;REBEL DS;2.2T-16V;Combustão;A-9;S;E;D;71;52;0;A;NA;NA;NA;NA;NA;10.6;13.3;NA;NA;NA;NA;2.30;NA;B;D;NÃO
Picape;RAM;RAMPAGE;REBEL FLEX;2.0T-16V;Combustão;A-9;S;E;F;33;266;6;B;0;153;NA;5.7;7.0;8.2;10.0;NA;NA;NA;NA;2.48;NA;B;D;NÃO
Picape;RAM;RAMPAGE;RT FLEX;2.0T-16V;Combustão;A-9;S;E;F;33;153;5;B;0;161;NA;5.3;6.7;7.7;9.7;NA;NA;NA;NA;2.62;NA;C;D;NÃO
Picape;RAM;RAMPAGE;RT GAS;2.0T-16V;Combustão;A-9;S;E;G;22;131;1;A;NA;161;NA;NA;NA;7.7;9.9;NA;NA;NA;NA;2.61;NA;C;D;NÃO
Picape;RAM;DAKOTA;BIGHORN;2.2T-16V;Combustão;A-8;S;E;D;61;27;NA;A;NA;NA;NA;NA;NA;9.6;10.8;NA;NA;NA;NA;2.66;NA;C;E;NÃO
Picape;RAM;DAKOTA;LARAMIE;2.2T-16V;Combustão;A-8;S;E;D;72;34;NA;A;NA;NA;NA;NA;NA;9.7;10.8;NA;NA;NA;NA;2.66;NA;C;E;NÃO
Picape;RAM;DAKOTA;WARLOCK;2.2T-16V;Combustão;A-8;S;E;D;72;34;NA;A;NA;NA;NA;NA;NA;9.7;10.8;NA;NA;NA;NA;2.66;NA;C;E;NÃO
Picape;RAM;DAKOTA;LARAMIE NE;2.2T-16V;Combustão;A-8;S;E;D;72;34;NA;A;NA;NA;NA;NA;NA;9.7;10.8;NA;NA;NA;NA;2.66;NA;C;E;NÃO
Picape;TOYOTA;HILUX DIESEL 4X4 MT;CHASSI MT;2.8-16V;Combustão;M-6;S;H;D;73;57;NA;A;NA;NA;NA;NA;NA;9.3;10.6;NA;NA;NA;NA;2.74;NA;D;E;NÃO
Picape;TOYOTA;HILUX DIESEL 4X4 MT;CABINE SIMPLES MT;2.8-16V;Combustão;M-6;S;H;D;73;57;NA;A;NA;NA;NA;NA;NA;9.3;10.6;NA;NA;NA;NA;2.74;NA;D;E;NÃO
Picape;TOYOTA;HILUX DIESEL 4X4 MT;POWER PACK MT;2.8-16V;Combustão;M-6;S;H;D;73;49;NA;A;NA;NA;NA;NA;NA;9.7;11.2;NA;NA;NA;NA;2.62;NA;C;D;NÃO
Picape;TOYOTA;HILUX DIESEL 4X4 AT;CHASSI AT;2.8-16V;Combustão;A-6;S;H;D;71;18;NA;A;NA;NA;NA;NA;NA;9.3;10.0;NA;NA;NA;NA;2.82;NA;D;E;NÃO
Picape;TOYOTA;HILUX DIESEL 4X4 AT;CABINE SIMPLES AT;2.8-16V;Combustão;A-6;S;H;D;71;18;NA;A;NA;NA;NA;NA;NA;9.3;10.0;NA;NA;NA;NA;2.82;NA;D;E;NÃO
Picape;TOYOTA;HILUX DIESEL 4X4 AT;POWER PACK AT;2.8-16V;Combustão;A-6;S;H;D;71;18;NA;A;NA;NA;NA;NA;NA;9.3;10.0;NA;NA;NA;NA;2.82;NA;D;E;NÃO
Picape;TOYOTA;HILUX DIESEL 4X4 AT;SR AT;2.8-16V;Combustão;A-6;S;H;D;71;18;NA;A;NA;NA;NA;NA;NA;9.3;10.0;NA;NA;NA;NA;2.82;NA;D;E;NÃO
Picape;TOYOTA;HILUX DIESEL 4X4 AT;SRV AT;2.8-16V;Combustão;A-6;S;H;D;71;18;NA;A;NA;NA;NA;NA;NA;9.3;10.0;NA;NA;NA;NA;2.82;NA;D;E;NÃO
Picape;TOYOTA;HILUX DIESEL 4X4 AT;SRX AT;2.8-16V;Combustão;A-6;S;H;D;71;18;NA;A;NA;NA;NA;NA;NA;9.3;10.0;NA;NA;NA;NA;2.82;NA;D;E;NÃO
Picape;TOYOTA;HILUX DIESEL 4X4 AT;SRX PLUS AT;2.8-16V;Combustão;A-6;S;H;D;71;18;NA;A;NA;NA;NA;NA;NA;9.3;10.0;NA;NA;NA;NA;2.82;NA;D;E;NÃO
Picape;VW;AMAROK;V6 COMFORT (MY26);3.0 - 24V;Combustão;A - 8;S;H;D;80;33;NA;A;NA;NA;NA;NA;NA;8.1;9.4;NA;NA;NA;NA;3.14;NA;E;E;NÃO
Picape;VW;AMAROK;V6 HIGH (MY26);3.0 - 24V;Combustão;A - 8;S;H;D;80;33;NA;A;NA;NA;NA;NA;NA;8.1;9.4;NA;NA;NA;NA;3.14;NA;E;E;NÃO
Picape;VW;AMAROK;V6 EXTREME (MY26);3.0 - 24V;Combustão;A - 8;S;H;D;80;33;NA;A;NA;NA;NA;NA;NA;8.1;9.4;NA;NA;NA;NA;3.14;NA;E;E;NÃO
Esportivo;BMW;M3;Competition;3.0 - 24V;Combustão;A-8;S;E;G;24;298;1;B;NA;175;NA;NA;NA;7.0;9.3;NA;NA;NA;NA;2.84;NA;E;E;NÃO
Esportivo;BMW;M3;COMP TRACK;3.0 - 24V;Combustão;A-8;S;E;G;24;298;1;B;NA;175;NA;NA;NA;7.0;9.3;NA;NA;NA;NA;2.84;NA;E;E;NÃO
Esportivo;BMW;M2;Coupe;3.0 - 24V;Combustão;A-8;S;E;G;21;209;1;A;NA;172;NA;NA;NA;7.2;9.3;NA;NA;NA;NA;2.79;NA;E;E;NÃO
Esportivo;BMW;M2;Coupe Track;3.0 - 24V;Combustão;A-8;S;E;G;21;209;1;A;NA;172;NA;NA;NA;7.2;9.3;NA;NA;NA;NA;2.79;NA;E;E;NÃO
Esportivo;BMW;M4;Competition;3.0 - 24V;Combustão;A-8;S;E;G;11;210;0;A;NA;165;NA;NA;NA;7.4;10.0;NA;NA;NA;NA;2.67;NA;E;E;NÃO
Esportivo;BMW;M4;COMP TRACK;3.0 - 24V;Combustão;A-8;S;E;G;11;210;0;A;NA;165;NA;NA;NA;7.4;10.0;NA;NA;NA;NA;2.67;NA;E;E;NÃO
Esportivo;BMW;M2;CUP;3.0 - 24V;Combustão;A-8;S;E;G;21;209;1;A;NA;172;NA;NA;NA;7.2;9.3;NA;NA;NA;NA;2.79;NA;E;E;NÃO
Esportivo;BMW;M2;CUP;3.0 - 24V;Combustão;A-8;S;E;G;21;209;1;A;NA;172;NA;NA;NA;7.2;9.3;NA;NA;NA;NA;2.79;NA;E;E;NÃO
Esportivo;FERRARI;296;GTB;3.0-24V;Plug-in;DCT-8;S;E;G;18;444;0;A;NA;149;0;NA;NA;6.3;8.4;8.9;11.9;NA;NA;2.02;10;D;C;NÃO
Esportivo;FERRARI;PUROSANGUE;NÃO;6.5-48V;Combustão;DCT-8;S;E;G;21;222;3;A;NA;302;NA;NA;NA;4.1;5.6;NA;NA;NA;NA;4.88;NA;E;E;NÃO
Esportivo;FERRARI;12CILINDRI;NÃO;6.5-48V;Combustão;DCT-8;S;E;G;16;409;2;A;NA;255;NA;NA;NA;4.8;6.7;NA;NA;NA;NA;4.14;NA;E;E;NÃO
Esportivo;FERRARI;12CILINDRI;SPI;6.5-48V;Combustão;DCT-8;S;E;G;17;413;1;A;NA;270;NA;NA;NA;4.6;6.4;NA;NA;NA;NA;4.28;NA;E;E;NÃO
Esportivo;FERRARI;296;GTS;3.0-24V;Plug-in;DCT-8;S;E;G;31;332;1;A;NA;153;0;NA;NA;6.0;8.0;8.8;13.1;NA;NA;1.97;11;D;C;NÃO
Esportivo;FERRARI;ROMA;SPIDER;3.9-32V;Combustão;DCT-8;S;E;G;18;208;1;A;NA;186;NA;NA;NA;6.7;8.7;NA;NA;NA;NA;3.01;NA;E;E;NÃO
Esportivo;FORD;Mustang Dark Horse;Dark Horse;5.0 V8 - 32V;Combustão;A-10;S;E;G;38;542;1;B;NA;192;NA;NA;NA;6.3;8.8;NA;NA;NA;NA;3.11;NA;E;E;NÃO
Esportivo;FORD;Mustang;GT AT;5.0 V8 - 32V;Combustão;A-10;S;E;G;35;591;0;B;NA;186;NA;NA;NA;6.5;9.0;NA;NA;NA;NA;3.02;NA;E;E;NÃO
Esportivo;MCLAREN;ARTURA;NA;3.0-24V;Plug-in;DCT-8;S;E;G;19;173;0;A;NA;102;0;NA;NA;6.5;8.5;12.3;16.9;NA;NA;1.45;23;D;B;NÃO
Esportivo;MCLAREN;ARTURA;SPIDER;3.0-24V;Plug-in;DCT-8;S;E;G;19;173;0;A;NA;102;0;NA;NA;6.5;8.5;12.3;16.9;NA;NA;1.45;23;D;B;NÃO
Esportivo;MCLAREN;750S;COUPE;4.0-32V;Combustão;DCT-8;S;E;G;58;260;2;B;NA;214;NA;NA;NA;5.9;7.4;NA;NA;NA;NA;3.46;NA;E;E;NÃO
Esportivo;MCLAREN;750S;SPIDER;4.0-32V;Combustão;DCT-8;S;E;G;58;260;2;B;NA;214;NA;NA;NA;5.9;7.4;NA;NA;NA;NA;3.46;NA;E;E;NÃO
Esportivo;MERCEDES-BENZ;AMG SL63S EP;NA;4.0-32V;Plug-in;A-9;S;E;G;13;233;1;A;NA;171;171;NA;NA;6.2;7.4;7.8;10.8;NA;NA;2.27;9;D;D;NÃO
Esportivo;MERCEDES-BENZ;AMG GT63S EP;2P;4.0-32V;Plug-in;A-9;S;E;G;16;244;1;A;NA;199;154;NA;NA;6.4;7.6;11.5;11.4;NA;NA;1.77;9;D;C;NÃO
Esportivo;MERCEDES-BENZ;AMG GT63S EP;NA;4.0-32V;Plug-in;A-9;S;E;G;13;273;1;A;NA;201;157;NA;NA;6.4;7.5;9.8;11.1;NA;NA;1.96;9;D;C;NÃO
Esportivo;MG;CYBERSTER;77 KWH AWD;Elétrico;Elétrico;A-1;S;E;E;NA;NA;NA;A;NA;NA;NA;NA;NA;NA;NA;38.9;33.9;NA;NA;0.56;342;A;A;NÃO
Esportivo;PORSCHE;911;CARRERA;3.0-24V;Combustão;DCT-8;S;E;G;12;52;0;A;NA;173;NA;NA;NA;7.0;9.6;NA;NA;NA;NA;2.80;NA;E;E;NÃO
Esportivo;PORSCHE;911;CARRERA C;3.0-24V;Combustão;DCT-8;S;E;G;12;52;0;A;NA;173;NA;NA;NA;7.0;9.6;NA;NA;NA;NA;2.80;NA;E;E;NÃO
Esportivo;PORSCHE;911;CARRERA S;3.0-24V;Combustão;DCT-8;S;E;G;18;59;0;A;NA;175;NA;NA;NA;6.9;9.5;NA;NA;NA;NA;2.84;NA;E;E;NÃO
Esportivo;PORSCHE;911;CARRERA SC;3.0-24V;Combustão;DCT-8;S;E;G;18;59;0;A;NA;175;NA;NA;NA;6.9;9.5;NA;NA;NA;NA;2.84;NA;E;E;NÃO
Esportivo;PORSCHE;911;GT3 MANUAL;4.0-32V;Combustão;M-6;S;E;G;25;93;1;A;NA;237;NA;NA;NA;5.2;6.9;NA;NA;NA;NA;3.86;NA;E;E;NÃO
Esportivo;PORSCHE;911;GT3 TOURMT;4.0-32V;Combustão;M-6;S;E;G;25;93;1;A;NA;237;NA;NA;NA;5.2;6.9;NA;NA;NA;NA;3.86;NA;E;E;NÃO
Esportivo;PORSCHE;911;GT3;4.0-32V;Combustão;DCT-7;S;E;G;25;79;1;A;NA;227;NA;NA;NA;5.6;6.8;NA;NA;NA;NA;3.69;NA;E;E;NÃO
Esportivo;PORSCHE;911;GT3TOURING;4.0-32V;Combustão;DCT-7;S;E;G;25;79;1;A;NA;227;NA;NA;NA;5.6;6.8;NA;NA;NA;NA;3.69;NA;E;E;NÃO
Esportivo;PORSCHE;911;CAR T MT;3.0-24V;Combustão;M-6;S;E;G;15;69;0;A;NA;176;NA;NA;NA;6.9;9.4;NA;NA;NA;NA;2.86;NA;E;E;NÃO
Esportivo;PORSCHE;911;CAR T MT 2;3.0-24V;Combustão;M-6;S;E;G;15;69;0;A;NA;176;NA;NA;NA;6.9;9.4;NA;NA;NA;NA;2.86;NA;E;E;NÃO
Esportivo;PORSCHE;911;CAR T MTCA;3.0-24V;Combustão;M-6;S;E;G;15;69;0;A;NA;176;NA;NA;NA;6.9;9.4;NA;NA;NA;NA;2.86;NA;E;E;NÃO
Esportivo;PORSCHE;911;TURBO S / TURBO S CA;3.6/24V;Híbrido;DCT-8;S;E;G;24;95;1;A;NA;196;NA;NA;NA;6.2;8.6;NA;NA;NA;NA;3.17;NA;E;E;NÃO
Esportivo;PORSCHE;911;CARRERAGTS;3.6-24V;Híbrido;DCT-8;S;E;G;33;85;1;A;NA;173;NA;NA;NA;7.2;9.2;NA;NA;NA;NA;2.80;NA;E;E;NÃO
Esportivo;PORSCHE;911;CAR GTS CA;3.6-24V;Híbrido;DCT-8;S;E;G;33;85;1;A;NA;173;NA;NA;NA;7.2;9.2;NA;NA;NA;NA;2.80;NA;E;E;NÃO
Esportivo;PORSCHE;911;SPIRIT 70;3.6-24V;Híbrido;DCT-8;S;E;G;33;85;1;A;NA;173;NA;NA;NA;7.2;9.2;NA;NA;NA;NA;2.80;NA;E;E;NÃO
Esportivo;PORSCHE;911;GT3 FA 90Y;4.0-32V;Combustão;M-6;S;E;G;25;93;1;A;NA;237;NA;NA;NA;5.2;6.9;NA;NA;NA;NA;3.86;NA;E;E;NÃO
Esportivo;PORSCHE;911;TARGA 4GTS;3.6/24V;Híbrido;DCT-8;S;E;G;14;83;1;A;NA;176;NA;NA;NA;6.9;9.3;NA;NA;NA;NA;2.86;NA;E;E;NÃO
Esportivo;PORSCHE;911;GT3 FA 90Y;4.0-32V;Combustão;M-6;S;E;G;25;93;1;A;NA;237;NA;NA;NA;5.2;6.9;NA;NA;NA;NA;3.86;NA;E;E;NÃO
Esportivo;PORSCHE;911;TARGA 4GTS;3.6/24V;Híbrido;DCT-8;S;E;G;14;83;1;A;NA;176;NA;NA;NA;6.9;9.3;NA;NA;NA;NA;2.86;NA;E;E;NÃO
Esportivo;PORSCHE;911;GT3 SC;4.0-32V;Combustão;M-6;S;E;G;25;93;1;A;NA;237;NA;NA;NA;5.2;6.9;NA;NA;NA;NA;3.86;NA;E;E;NÃO
Esportivo;PORSCHE;BOXSTER;GTS4.0;4.0-24V;Combustão;DCT-7;S;E;G;18;67;1;A;NA;175;NA;NA;NA;7.1;8.9;NA;NA;NA;NA;2.84;NA;E;E;NÃO
Esportivo;PORSCHE;BOXSTER;25 ANOS;4.0-24V;Combustão;DCT-7;S;E;G;18;67;1;A;NA;175;NA;NA;NA;7.1;8.9;NA;NA;NA;NA;2.84;NA;E;E;NÃO
Esportivo;PORSCHE;CAYMAN;GTS 4.0;4.0-24V;Combustão;DCT-7;S;E;G;18;67;1;A;NA;175;NA;NA;NA;7.1;8.9;NA;NA;NA;NA;2.84;NA;E;E;NÃO
Esportivo;PORSCHE;PANAMERA;TPHEV;4.0-32V;Plug-in;DCT-8;S;E;G;4;13;1;A;NA;29;2;NA;NA;7.0;8.7;20.1;22.5;NA;NA;0.96;61;C;A;NÃO
Esportivo;PORSCHE;PANAMERA;TSEHY;4.0-32V;Plug-in;DCT-8;S;E;G;3;14;0;A;NA;30;5;NA;NA;6.9;8.6;20.1;22.2;NA;NA;0.96;60;C;A;NÃO
Esportivo;PORSCHE;PANAMERA;4EHYB;2.9-24V;Plug-in;DCT-8;S;E;G;3;20;1;A;NA;25;5;NA;NA;8.0;9.2;22.0;23.3;NA;NA;0.90;63;C;A;NÃO
Esportivo;PORSCHE;PANAMERA;4SEHY;2.9-24V;Plug-in;DCT-8;S;E;G;4;24;1;A;NA;25;0;NA;NA;8.1;9.4;21.0;23.1;NA;NA;0.93;63;C;A;NÃO
Esportivo;PORSCHE;TAYCAN;TURBO S;Elétrico;Elétrico;NA;S;E;E;0;0;0;A;NA;0;NA;NA;NA;NA;NA;30.7;30.2;NA;NA;0.67;425;A;A;NÃO
Esportivo;PORSCHE;TAYCAN;4S;Elétrico;Elétrico;NA;S;E;E;0;0;0;A;NA;0;NA;NA;NA;NA;NA;30.0;28.5;NA;NA;0.69;415;A;A;NÃO
Esportivo;PORSCHE;TAYCAN;4S BE;Elétrico;Elétrico;NA;S;E;E;0;0;0;A;NA;0;NA;NA;NA;NA;NA;30.0;28.5;NA;NA;0.69;415;A;A;NÃO
Esportivo;PORSCHE;TAYCAN;TURBOCT;Elétrico;Elétrico;NA;S;E;E;0;0;0;A;NA;0;NA;NA;NA;NA;NA;30.0;28.5;NA;NA;0.69;415;A;A;NÃO
Esportivo;PORSCHE;TAYCAN;4S CT;Elétrico;Elétrico;NA;S;E;E;0;0;0;A;NA;0;NA;NA;NA;NA;NA;30.0;28.5;NA;NA;0.69;415;A;A;NÃO
Esportivo;PORSCHE;TAYCAN;4CT;Elétrico;Elétrico;NA;S;E;E;0;0;0;A;NA;0;NA;NA;NA;NA;NA;30.0;28.5;NA;NA;0.69;415;A;A;NÃO
Esportivo;PORSCHE;TAYCAN;TURBOGT;Elétrico;Elétrico;NA;S;E;E;0;0;0;A;NA;0;NA;NA;NA;NA;NA;33.7;29.7;NA;NA;0.64;442;A;A;NÃO
